tp_rank,step_id,layer_id,queue_wait_us,address_build_us,address_npu_idle_us,address_npu_idle_pct,batch_copy_get_us,copy_npu_idle_us,copy_npu_idle_pct,layer_task_us,layer_task_npu_idle_us,layer_task_npu_idle_pct,model_wait_us,model_wait_npu_idle_us,model_wait_npu_idle_pct,debug_batch_copy_get_us,request_call_count,key_count
0,480,0,389,10940.78,10940.78,100.0,17996.24,17682.846,98.2585584544327,32735.55,32405.056,98.99041256371132,44210.12,43518.464,98.43552562173548,18203,1,225
0,480,1,33369,9931.48,9931.48,100.0,13546.34,2933.733,21.657015843393864,31441.93,19722.972,62.72824855217222,19521.33,0.0,0.0,13698,1,225
0,480,2,65058,9919.37,0.0,0.0,15745.85,0.0,0.0,29143.87,0.0,0.0,681.84,0.0,0.0,15892,1,225
0,480,3,35747,9665.03,0.0,0.0,14969.0,0.0,0.0,71318.68,0.0,0.0,55460.17,0.0,0.0,15193,1,225
0,480,4,58076,9879.52,0.0,0.0,15701.64,0.0,0.0,54383.92,0.0,0.0,41681.83,0.0,0.0,15866,1,225
0,480,5,98552,9966.76,0.0,0.0,14625.18,0.0,0.0,31438.82,0.0,0.0,776.55,0.0,0.0,14807,1,225
0,480,6,61841,9741.48,0.0,0.0,15578.44,0.0,0.0,35307.9,0.0,0.0,17270.61,0.0,0.0,15789,1,225
0,480,7,23372,10215.71,0.0,0.0,16336.31,0.0,0.0,32118.26,0.0,0.0,687.33,0.0,0.0,16483,1,225
0,480,8,37891,9804.36,0.0,0.0,16306.69,0.0,0.0,32477.56,0.0,0.0,663.81,0.0,0.0,16454,1,225
0,480,9,21166,9675.26,0.0,0.0,15649.02,0.0,0.0,33559.99,0.0,0.0,17045.91,0.0,0.0,15793,1,225
0,480,10,21924,9843.4,0.0,0.0,16277.91,0.0,0.0,33477.68,0.0,0.0,18278.34,0.0,0.0,16424,1,225
0,480,11,39379,9880.21,0.0,0.0,27694.19,0.0,0.0,43422.56,0.0,0.0,30485.3,0.0,0.0,27846,1,225
0,480,12,50437,10062.65,0.0,0.0,17248.56,0.0,0.0,31194.75,0.0,0.0,870.89,0.0,0.0,17399,1,225
0,480,13,48097,10143.3,0.0,0.0,16631.65,0.0,0.0,32275.44,0.0,0.0,657.49,0.0,0.0,16776,1,225
0,480,14,17340,9682.25,0.0,0.0,15325.11,0.0,0.0,29035.68,0.0,0.0,691.81,0.0,0.0,15493,1,225
0,480,15,13778,9654.67,0.0,0.0,13643.2,0.0,0.0,27405.92,0.0,0.0,671.04,0.0,0.0,13783,1,225
0,480,16,9181,9621.78,0.0,0.0,14450.13,0.0,0.0,29794.82,0.0,0.0,672.28,0.0,0.0,14591,1,225
0,480,17,7415,9638.03,0.0,0.0,14309.3,0.0,0.0,31051.59,0.0,0.0,788.78,0.0,0.0,14452,1,225
0,480,18,6823,9669.07,0.0,0.0,15024.28,0.0,0.0,33526.03,0.0,0.0,716.09,0.0,0.0,15164,1,225
0,480,19,8283,9519.1,0.0,0.0,14334.64,0.0,0.0,31274.63,0.0,0.0,698.08,0.0,0.0,14472,1,225
0,480,20,7424,9765.89,0.0,0.0,26116.06,0.0,0.0,53281.86,0.0,0.0,29631.39,0.0,0.0,26257,1,225
0,480,21,31862,9897.78,0.0,0.0,15394.06,0.0,0.0,29323.18,0.0,0.0,661.31,0.0,0.0,15545,1,225
0,480,22,45448,10127.06,0.0,0.0,15027.8,0.0,0.0,34039.32,0.0,0.0,11789.15,0.0,0.0,15168,1,225
0,480,23,21083,9960.09,0.0,0.0,14734.79,0.0,0.0,37281.27,0.0,0.0,22038.18,0.0,0.0,14880,1,225
0,480,24,38020,9871.1,0.0,0.0,15415.05,0.0,0.0,38915.9,0.0,0.0,23845.51,0.0,0.0,15565,1,225
0,480,25,50067,10152.18,0.0,0.0,15142.11,0.0,0.0,36650.06,0.0,0.0,20788.0,0.0,0.0,15292,1,225
0,480,26,49072,10181.94,0.0,0.0,14510.65,0.0,0.0,31456.16,0.0,0.0,647.02,0.0,0.0,14660,1,225
0,481,0,,,,,,,,,,,11925.6,10016.239,83.98939256725028,,,
0,481,1,606,10549.05,9606.329,91.06345121124652,15057.8,7069.181,46.946971005060504,32947.31,23750.769,72.08712638452123,23106.68,20055.589,86.79563225872344,15213,1,226
0,481,2,33828,10618.27,10618.27,100.0,15371.94,8848.451,57.56235712603613,30894.93,24371.441,78.88492060024089,983.76,530.912,53.96763438236969,15526,1,226
0,481,3,65025,9767.81,9767.81,100.0,15754.64,12634.314,80.19424118862761,29376.38,26254.374,89.37239373946007,5343.63,4741.357,88.72914105205638,15897,1,226
0,481,4,69860,9317.15,8356.168,89.68588033894484,14547.11,8224.928,56.53994504750428,28044.71,20619.866,73.5249749417983,668.87,0.0,0.0,14691,1,226
0,481,5,39699,9411.8,9411.8,100.0,14072.27,3055.964,21.71621209655585,29716.84,17560.151,59.09158241589618,672.06,0.0,0.0,14211,1,226
0,481,6,36063,9410.94,0.0,0.0,14062.3,0.02,0.00014222424496703953,32918.79,0.96,0.0029162675784863293,736.7,0.0,0.0,14204,1,226
0,481,7,22432,9353.48,0.0,0.0,15388.73,0.0,0.0,39452.54,0.0,0.0,782.13,0.0,0.0,15534,1,226
0,481,8,46219,9374.93,0.0,0.0,22641.33,0.0,0.0,45702.95,0.0,0.0,25855.18,0.0,0.0,22788,1,226
0,481,9,59993,9783.8,0.0,0.0,17361.58,0.0,0.0,34565.62,0.0,0.0,20778.59,0.0,0.0,17527,1,226
0,481,10,65626,9901.94,0.0,0.0,15042.66,0.0,0.0,29251.01,0.0,0.0,765.21,0.0,0.0,15188,1,226
0,481,11,79071,9580.9,0.0,0.0,15021.07,0.0,0.0,29569.73,0.0,0.0,641.18,0.0,0.0,15159,1,226
0,481,12,66695,9565.86,0.0,0.0,14182.2,0.0,0.0,28207.56,0.0,0.0,677.39,0.0,0.0,14348,1,226
0,481,13,42563,9480.92,1414.612,14.920619517937078,14406.68,1441.271,10.00418555836598,27492.87,5105.043,18.568607060667002,727.61,0.0,0.0,14550,1,226
0,481,14,38400,9487.34,0.0,0.0,15770.66,0.0,0.0,38351.44,0.0,0.0,709.55,0.0,0.0,15920,1,226
0,481,15,45434,9593.95,0.0,0.0,14960.14,0.0,0.0,28828.6,0.0,0.0,704.66,0.0,0.0,15102,1,226
0,481,16,42659,9438.9,0.0,0.0,14500.87,0.0,0.0,28752.35,0.0,0.0,667.19,651.59,97.66183545916455,14640,1,226
0,481,17,40007,9450.9,0.0,0.0,13840.53,1781.878,12.874348019909641,27298.73,4418.89,16.187163285618052,5530.43,0.0,0.0,13980,1,226
0,481,18,35673,9437.58,1911.003,20.24886676457312,14990.03,1721.007,11.48101104534147,33077.08,10386.91,31.402137068931115,5560.58,0.0,0.0,15131,1,226
0,481,19,22326,9413.49,4011.279,42.61202805760669,15501.02,1948.404,12.569521231506055,31867.16,11014.803,34.564746277986494,5629.79,0.0,0.0,15652,1,226
0,481,20,38134,9391.18,4735.801,50.42817835458377,15309.21,1759.599,11.493728285130324,31531.61,11486.866,36.42968437069975,5597.86,0.0,0.0,15472,1,226
0,481,21,37846,9402.73,6101.783,64.89373830791696,15411.72,1837.047,11.919805187221154,31750.0,12932.02,40.73077165354331,609.83,0.0,0.0,15551,1,226
0,481,22,38124,9380.53,7420.95,79.11013556803293,14236.4,1814.106,12.742729903627323,30258.44,14278.024,47.1869137999183,661.18,0.0,0.0,14378,1,226
0,481,23,36616,9354.97,0.0,0.0,26082.58,0.0,0.0,47838.47,0.0,0.0,21665.67,0.0,0.0,26225,1,226
0,481,24,37873,9569.24,0.0,0.0,14282.8,0.0,0.0,27652.4,0.0,0.0,643.62,0.0,0.0,14419,1,226
0,481,25,49925,9329.3,0.0,0.0,14925.68,0.0,0.0,28269.46,0.0,0.0,574.87,0.0,0.0,15067,1,226
0,481,26,,,,,,,,,,,619.21,0.0,0.0,,,
0,482,0,,,,,,,,,,,11444.59,11428.049,99.85546882850326,,,
0,482,1,558,10065.67,10065.67,100.0,14717.83,8963.176,60.90011910723252,31724.62,25891.244,81.61246375843115,22156.87,21091.612,95.19219998131506,14863,1,227
0,482,2,32553,10242.64,10242.64,100.0,14147.48,8091.037,57.19065868974546,28194.58,21863.032,77.54338599830179,653.68,540.417,82.67302043813488,14289,1,227
0,482,3,60992,9932.61,9932.61,100.0,14406.94,8193.014,56.868523086790105,28561.96,22347.994,78.24390903145303,673.81,656.61,97.44735162731334,14549,1,227
0,482,4,66006,9882.99,9882.99,100.0,13849.87,12174.757,87.9052077745134,27197.84,25522.727,93.84100722704449,656.51,640.609,97.57795006930588,13991,1,227
0,482,5,39577,9852.15,9852.15,100.0,13998.04,7554.27,53.96662675631731,29341.27,22887.399,78.00411843113811,692.8,676.579,97.65863163972286,14146,1,227
0,482,6,36807,9648.27,9648.27,100.0,13434.44,7542.842,56.14556319429764,31746.63,25732.409,81.05556085795563,670.62,654.16,97.54555485968208,13581,1,227
0,482,7,20604,9712.62,9712.62,100.0,15180.3,8693.47,57.26810405591457,34606.3,27379.674,79.11759997457109,660.0,642.68,97.37575757575756,15328,1,227
0,482,8,22615,10043.51,10043.51,100.0,14387.33,7745.935,53.838585755661406,32204.13,25465.013,79.07374923651096,685.61,668.469,97.49989060836337,14532,1,227
0,482,9,21486,9682.78,9682.78,100.0,14442.49,7757.543,53.713334750448155,31980.9,25117.203,78.53813682541768,701.22,684.12,97.56139300077008,14585,1,227
0,482,10,21558,9715.64,9715.64,100.0,14904.16,8445.351,56.66438766089468,32706.65,25926.515,79.26985796466468,761.71,744.769,97.77592522088457,15101,1,227
0,482,11,22288,9750.74,9750.74,100.0,14028.36,7798.074,55.58792332104393,32485.05,26170.304,80.56107040007635,714.18,698.42,97.79327340446386,14179,1,227
0,482,12,21979,9888.87,9888.87,100.0,14613.15,8565.234,58.61319428049394,34420.16,27610.147,80.2150454849716,762.58,745.059,97.70240499357443,14757,1,227
0,482,13,22149,9948.36,9948.36,100.0,14716.55,4614.838,31.358151197121607,34591.9,22291.295,64.44079394309072,740.36,0.0,0.0,14858,1,227
0,482,14,22621,10218.2,1126.661,11.026022195690043,15078.62,8867.155,58.80614406358142,35110.93,19475.583,55.46871871522628,696.56,0.0,0.0,15279,1,227
0,482,15,23613,10074.69,10074.69,100.0,13974.83,4561.902,32.64370300032272,33477.68,20928.08,62.51353140360982,1022.16,0.0,0.0,14116,1,227
0,482,16,21181,9357.05,0.0,0.0,15948.23,0.04,0.00025081153206343274,36039.94,0.78,0.002164265534293342,726.38,0.0,0.0,16095,1,227
0,482,17,25132,9439.61,0.0,0.0,15387.85,0.0,0.0,38018.85,0.0,0.0,651.89,0.0,0.0,15532,1,227
0,482,18,46705,9538.57,0.0,0.0,14893.7,0.0,0.0,36616.42,0.0,0.0,17785.17,0.0,0.0,15051,1,227
0,482,19,52245,9727.89,0.0,0.0,14847.16,0.0,0.0,35403.82,0.0,0.0,20585.48,0.0,0.0,14993,1,227
0,482,20,58862,9668.02,0.0,0.0,16450.15,0.0,0.0,36004.27,0.0,0.0,21091.51,0.0,0.0,16597,1,227
0,482,21,79121,9775.85,0.0,0.0,15252.33,0.0,0.0,34112.36,0.0,0.0,22349.58,0.0,0.0,15397,1,227
0,482,22,80696,9894.86,0.0,0.0,15084.58,0.0,0.0,28867.95,0.0,0.0,675.42,0.0,0.0,15229,1,227
0,482,23,73940,9559.63,0.0,0.0,14329.07,0.0,0.0,41430.79,0.0,0.0,25941.19,0.0,0.0,14485,1,227
0,482,24,79613,9790.86,0.0,0.0,14167.43,0.0,0.0,28455.6,0.0,0.0,679.82,0.0,0.0,14311,1,227
0,482,25,57183,9420.84,0.0,0.0,13793.78,0.0,0.0,28027.4,0.0,0.0,629.08,0.0,0.0,13937,1,227
0,482,26,,,,,,,,,,,659.21,0.0,0.0,,,
0,483,0,,,,,,,,,,,11552.32,9241.144,79.9938367358245,,,
0,483,1,574,10399.37,9015.884,86.69644411151829,15092.23,4837.125,32.05043257358257,32600.87,20520.652,62.94510545270724,22850.0,17221.499,75.36761050328226,15243,1,228
0,483,2,33439,9951.7,9951.7,100.0,15642.84,5142.572,32.87492552503254,29597.3,17481.812,59.06556341287889,688.47,0.0,0.0,15788,1,228
0,483,3,63281,9720.64,9488.956,97.61657668630872,15386.52,2883.084,18.737726269487833,29158.66,14971.34,51.34440334363788,646.67,0.0,0.0,15527,1,228
0,483,4,68906,9394.36,7064.552,75.19992846771892,14409.99,4775.189,33.13804520336239,27441.36,14213.841,51.797144893693314,770.42,0.0,0.0,14549,1,228
0,483,5,40824,9526.29,9133.017,95.87170871346557,15384.82,1160.09,7.5404847115533356,28753.22,12846.057,44.676933574743984,675.12,0.0,0.0,15525,1,228
0,483,6,38266,9329.01,8283.374,88.79156523575385,15431.05,1804.725,11.695412820255266,30767.52,14485.307,47.07986539051572,5794.52,0.0,0.0,15571,1,228
0,483,7,37766,9428.99,7494.576,79.48439864715097,15439.2,1805.434,11.69383128659516,32048.83,14417.449,44.98588247995325,5164.18,5164.18,100.0,15583,1,228
0,483,8,38635,9421.79,7421.828,78.77301446964961,14394.94,1784.561,12.397140939802458,30809.29,14438.487,46.86406924664606,666.31,648.67,97.35258363224325,14537,1,228
0,483,9,37393,9983.31,7571.189,75.83846439707872,15130.65,2120.314,14.01337021211911,32475.91,15542.39,47.858212441160234,705.22,688.559,97.63747483054932,15275,1,228
0,483,10,27078,9450.52,8230.178,87.08703859681795,14768.46,1957.219,13.252695270867783,32194.29,16759.655,52.05784938882019,678.44,662.36,97.62985673014562,14912,1,228
0,483,11,21742,9454.39,9115.317,96.4135919927145,14267.64,2649.157,18.567590715773598,31350.03,18130.582,57.83274210582893,727.12,0.0,0.0,14414,1,228
0,483,12,21114,9424.43,9424.43,100.0,14623.73,3792.144,25.93144156791735,32037.3,20021.244,62.49354346340047,725.44,707.879,97.57926224084694,14768,1,228
0,483,13,21478,9472.95,0.0,0.0,14577.43,5492.61,37.67886383265088,31681.22,8758.404,27.645412645093845,714.17,0.0,0.0,14718,1,228
0,483,14,21567,9491.26,9491.26,100.0,14529.95,3612.927,24.86537806393002,32004.27,19716.406,61.6055482596541,5504.0,0.0,0.0,14670,1,228
0,483,15,21674,9441.77,0.0,0.0,15572.99,2472.379,15.876071326058772,33446.78,4269.645,12.765488934958764,716.18,0.0,0.0,15738,1,228
0,483,16,23029,9444.93,0.0,0.0,16421.8,0.0,0.0,35220.88,0.0,0.0,710.72,0.0,0.0,16563,1,228
0,483,17,41468,9401.61,0.0,0.0,14794.69,0.0,0.0,36096.71,0.0,0.0,1058.44,0.0,0.0,14939,1,228
0,483,18,46080,9425.82,0.0,0.0,15050.84,0.0,0.0,36277.78,0.0,0.0,1001.36,0.0,0.0,15304,1,228
0,483,19,51844,9424.45,0.0,0.0,14731.46,0.0,0.0,33795.79,0.0,0.0,754.69,0.0,0.0,14905,1,228
0,483,20,56930,9500.14,0.0,0.0,14018.15,0.0,0.0,32196.66,0.0,0.0,735.38,0.0,0.0,14155,1,228
0,483,21,54542,9488.35,0.0,0.0,14426.81,0.0,0.0,28954.57,0.0,0.0,768.35,0.0,0.0,14582,1,228
0,483,22,49625,9601.24,0.0,0.0,14316.33,0.0,0.0,27893.97,0.0,0.0,5297.96,0.0,0.0,14457,1,228
0,483,23,43054,9624.63,1.06,0.011013410385645994,13941.19,1807.773,12.967135517125868,28078.61,1876.618,6.683443375580201,649.62,0.0,0.0,14081,1,228
0,483,24,38260,9486.91,0.0,0.0,14530.51,1831.209,12.602510166539233,30883.29,4707.573,15.243107194861688,5423.36,0.0,0.0,14670,1,228
0,483,25,37093,9365.67,0.0,0.0,15363.62,1780.631,11.589918261451402,33168.39,3633.553,10.954866968218838,627.86,0.0,0.0,15506,1,228
0,483,26,,,,,,,,,,,594.24,0.0,0.0,,,
0,484,0,,,,,,,,,,,11580.29,11563.15,99.85198988971779,,,
0,484,1,551,10196.0,10196.0,100.0,15676.04,6308.012,40.23983097772141,32717.91,23280.141,71.1541201745466,22669.97,17833.948,78.66771768996607,15821,1,229
0,484,2,33524,9823.88,9626.016,97.98588744976527,15043.35,4902.192,32.58710327154523,29510.93,16877.038,57.18910925545213,767.01,0.0,0.0,15187,1,229
0,484,3,63297,9654.78,3729.542,38.6289692773942,14778.76,2635.629,17.83389810782501,28012.54,8554.291,30.537362909611193,795.74,0.0,0.0,14919,1,229
0,484,4,67754,9687.14,0.0,0.0,15760.35,0.0,0.0,29733.65,0.0,0.0,762.94,0.0,0.0,15910,1,229
0,484,5,42558,10401.28,0.0,0.0,644642.83,598180.957,92.79261773531245,677561.5,599784.067,88.52097809571531,25053.71,24592.036,98.15726293630765,644799,1,229
0,484,6,687496,9916.53,9916.53,100.0,14745.24,8682.419,58.88285982459424,29106.81,22932.581,78.78768233275991,718.97,695.289,96.70626034465971,14908,1,229
0,484,7,685939,9541.28,9541.28,100.0,14425.58,8433.295,58.46069967377395,27901.67,21665.2,77.6483988234396,718.41,695.089,96.75380353836947,14569,1,229
0,484,8,69374,9447.63,9447.63,100.0,14440.59,8432.59,58.395051725725885,28306.37,21830.74,77.12306452575869,726.67,711.069,97.85308324273741,14584,1,229
0,484,9,41902,9532.08,9532.08,100.0,14920.55,12670.425,84.91928916829474,28064.1,25787.939,91.88942100405856,5353.31,5236.589,97.81964803084446,15065,1,229
0,484,10,39192,9460.1,9291.677,98.21964884092134,15433.01,9029.245,58.50605293458633,30697.96,24104.83,78.52257935054968,689.55,689.55,100.0,15576,1,229
0,484,11,37737,9422.59,9188.786,97.51868647579911,15726.11,9237.081,58.73722745167113,31599.68,24809.825,78.51289949771643,724.52,706.562,97.52139347430023,15877,1,229
0,484,12,37890,9477.13,9290.786,98.03375072411163,18629.51,11980.572,64.30964636214264,36865.54,29950.516,81.24258046945738,687.72,663.559,96.486796952248,18773,1,229
0,484,13,26730,9676.25,9483.206,98.00497093398785,14636.57,8141.182,55.62219837024658,27834.13,21145.698,75.97039318275799,655.29,631.71,96.40159318774894,14777,1,229
0,484,14,37125,9481.92,9481.92,100.0,14306.52,7624.109,53.29114976947574,31947.72,25158.688,78.74955708889397,656.55,656.55,100.0,14449,1,229
0,484,15,21408,9434.98,9422.819,99.87110730494393,15227.91,8805.621,57.82553876401948,32950.11,26240.575,79.63729104394493,5404.67,5286.627,97.81590735419555,15378,1,229
0,484,16,22350,9497.98,9288.937,97.79907938319516,16143.19,9550.378,59.16041377199922,33231.15,26355.773,79.31044516966762,678.34,659.077,97.16027360910456,16286,1,229
0,484,17,23126,9632.4,9421.176,97.80715086582784,14243.36,7891.473,55.404574482425495,31411.76,24781.827,78.89346856081927,645.1,621.119,96.28259184622539,14401,1,229
0,484,18,37666,9437.37,9437.37,100.0,14580.15,7996.522,54.84526565227381,33106.89,25899.21,78.22906349705454,668.86,403.954,60.39440241605119,14724,1,229
0,484,19,21727,9494.84,9494.84,100.0,14104.29,7516.558,53.29270739611849,32081.36,25125.921,78.31937611123716,714.76,699.319,97.83969444288991,14255,1,229
0,484,20,21516,9543.38,9543.38,100.0,14573.83,8108.661,55.63850408574822,33138.91,26301.213,79.36656033647454,12132.85,11940.226,98.41237631718846,14717,1,229
0,484,21,21962,9556.14,9372.397,98.07722574177441,15943.54,9232.666,57.90850714458645,34364.57,27377.251,79.66708444191212,642.18,627.12,97.65486312248903,16108,1,229
0,484,22,24026,10394.95,10202.326,98.1469463537583,14913.45,8470.384,56.79694503954484,32343.15,25640.758,79.27724417689682,674.51,674.51,100.0,15052,1,229
0,484,23,33486,9585.95,9353.404,97.57409542090247,15349.59,8815.959,57.434491735609875,32537.7,25680.1,78.92414030493858,612.96,590.299,96.30302140433305,15499,1,229
0,484,24,22336,9491.49,9264.106,97.60433820190508,13985.3,7520.848,53.77680850607424,31389.16,24620.542,78.43644748696684,602.41,578.81,96.08240235055858,14129,1,229
0,484,25,21263,9494.7,9248.455,97.40650046868252,14143.66,7721.09,54.590466682598425,31995.55,25215.773,78.81025017541504,682.05,656.949,96.31977127776555,14289,1,229
0,484,26,,,,,,,,,,,650.02,624.46,96.06781329805237,,,
0,485,0,,,,,,,,,,,11715.95,10791.507,92.10953443809507,,,
0,485,1,580,10230.99,10230.99,100.0,15531.22,9682.583,62.34270714084277,33016.02,26934.778,81.58093555795035,22674.91,21507.923,94.85339963863142,15685,1,230
0,485,2,33872,9932.46,9932.46,100.0,15669.56,9159.507,58.45414293700652,29885.43,23375.377,78.21663265343682,789.79,753.3,95.37978449967713,15817,1,230
0,485,3,64009,9522.2,9522.2,100.0,14789.57,8278.037,55.97212765482702,27951.61,21342.497,76.35516165258458,768.32,745.3,97.00385256143274,14937,1,230
0,485,4,67782,9492.75,0.0,0.0,16275.05,13363.29,82.10905650059448,29788.01,14797.56,49.67622879138285,680.71,662.929,97.38787442523247,16410,1,230
0,485,5,42117,9736.86,9736.86,100.0,15195.35,4616.2,30.379030427071438,29254.81,17317.42,59.19512039216798,722.06,704.48,97.5652992826081,15344,1,230
0,485,6,38173,9630.17,698.274,7.250900036032593,15562.02,8767.669,56.34017306236594,33541.29,17537.051,52.28496280256364,722.46,705.8,97.69398997868393,15729,1,230
0,485,7,22979,9653.57,9653.57,100.0,14971.22,8399.689,56.10557456239372,32837.52,26161.948,79.67090084756705,5765.73,5730.809,99.39433514923523,15125,1,230
0,485,8,22501,9703.84,9703.84,100.0,16341.4,9687.906,59.28443095450819,35022.42,28264.061,80.70276411510113,762.38,745.38,97.77014087462945,16487,1,230
0,485,9,24153,9619.3,9619.3,100.0,15517.6,8831.43,56.912344692478214,32039.02,25274.387,78.8862674326493,709.91,686.65,96.72352833457762,15669,1,230
0,485,10,38593,9629.6,9629.6,100.0,15081.11,8511.738,56.43973155822084,33215.94,26542.666,79.90942300594233,5470.89,5395.988,98.63089917728195,15233,1,230
0,485,11,22778,9651.0,9444.116,97.85634649259144,15454.67,8993.802,58.19472043078241,34080.4,27080.341,79.46016185256042,5669.06,3419.043,60.310580590080185,15607,1,230
0,485,12,23165,9453.29,9453.29,100.0,15735.65,6485.282,41.21394413322615,32184.51,22862.9,71.03696778357042,671.84,653.879,97.32659561800429,15882,1,230
0,485,13,38555,9567.28,9560.8,99.93226915068858,13907.16,7758.134,55.785178282266116,30196.88,23975.754,79.39811662661837,875.33,858.45,98.07158443101459,14056,1,230
0,485,14,36676,9502.44,6141.802,64.63394664949212,15294.11,3412.696,22.313792695357883,33605.95,16816.025,50.03883240914185,767.11,539.236,70.29448188656124,15443,1,230
0,485,15,22514,9748.34,9748.34,100.0,59598.5,45012.331,75.5259461228051,80060.95,65371.479,81.65214002581784,43583.5,43466.957,99.73259834570423,59763,1,230
0,485,16,68420,23365.2,22915.938,98.07721740023624,62825.01,58255.446,92.72652085530906,90542.11,82893.274,91.55217831791197,65031.73,63587.119,97.77860592052524,63047,1,230
0,485,17,137955,10140.98,10140.98,100.0,14410.55,8368.032,58.068789879636796,30036.57,23804.148,79.25055357519184,697.34,680.34,97.56216479765968,14573,1,230
0,485,18,150808,9661.44,9661.42,99.99979299152093,15235.42,8975.953,58.91503483330292,29283.44,23022.313,78.61888152484818,685.13,669.169,97.67036912702697,15381,1,230
0,485,19,110397,9521.46,9521.46,100.0,14674.78,12941.625,88.18956740748413,27954.11,26014.391,93.06105971536923,671.08,646.26,96.30148417476306,14820,1,230
0,485,20,41223,9912.96,9912.96,100.0,14007.38,7400.988,52.836347696714164,27704.93,21090.638,76.12593859648806,5482.83,5442.27,99.26023604598355,14149,1,230
0,485,21,36431,9555.1,9555.1,100.0,15471.01,8913.116,57.61172670691829,33559.73,26662.008,79.44643177999346,623.05,600.97,96.45614316668005,15614,1,230
0,485,22,22645,9553.17,9327.846,97.64136930463918,13909.14,7354.549,52.87565586369826,29808.74,22960.163,77.02493631062566,622.15,598.489,96.19689785421522,14051,1,230
0,485,23,36056,9501.99,9267.285,97.52993846552144,13633.08,7200.152,52.81383223746945,31320.97,24539.875,78.34966477730414,710.66,687.639,96.76061689134043,13774,1,230
0,485,24,20391,9512.83,9273.825,97.4875510231971,17129.66,10446.526,60.98501663197051,35148.9,28109.478,79.97256813157736,720.23,634.101,88.0414589783819,17276,1,230
0,485,25,24194,9526.33,9297.724,97.60027208799191,16723.64,10122.605,60.52871862824122,31548.84,24719.159,78.35203766604414,644.87,620.27,96.18527765286026,16863,1,230
0,485,26,,,,,,,,,,,641.01,616.87,96.23406811126192,,,
0,486,0,,,,,,,,,,,11744.76,9845.946,83.83267091026126,,,
0,486,1,561,10290.41,9294.566,90.32260133464071,15647.49,8454.825,54.033106907242,33161.72,24735.621,74.5908867211954,23144.97,21418.395,92.54017179542682,15798,1,231
0,486,2,34001,10864.01,10864.01,100.0,16337.14,9766.03,59.778088453670605,31700.33,25129.22,79.27116216140337,719.81,0.0,0.0,16488,1,231
0,486,3,65960,9533.69,9533.69,100.0,15885.61,7227.499,45.497144900321736,29548.61,20877.158,70.6536043489017,692.36,0.0,0.0,16033,1,231
0,486,4,70744,9520.81,9520.81,100.0,15389.37,4264.746,27.712284518469566,28580.06,16588.9,58.04361502390128,813.84,0.0,0.0,15529,1,231
0,486,5,43707,9501.32,9501.32,100.0,15689.87,1220.214,7.777081645673291,29803.49,13098.684,43.95016825210738,775.05,0.0,0.0,15837,1,231
0,486,6,41246,9829.78,6736.242,68.52891926370683,14597.38,2005.059,13.735745729713141,28132.11,11086.38,39.4082775874259,684.61,0.0,0.0,14742,1,231
0,486,7,37411,9853.86,0.0,0.0,15395.21,0.0,0.0,47515.18,0.0,0.0,20313.08,0.0,0.0,15545,1,231
0,486,8,36750,10069.12,0.0,0.0,15465.99,0.0,0.0,30032.87,0.0,0.0,724.22,0.0,0.0,15609,1,231
0,486,9,52912,9506.43,0.0,0.0,17011.09,0.0,0.0,41140.06,0.0,0.0,22515.32,0.0,0.0,17200,1,231
0,486,10,77947,10160.67,0.0,0.0,14988.22,0.0,0.0,29059.62,0.0,0.0,752.08,0.0,0.0,15129,1,231
0,486,11,57636,9853.34,0.0,0.0,15333.64,0.0,0.0,30428.43,0.0,0.0,710.46,0.0,0.0,15480,1,231
0,486,12,68715,9744.18,0.0,0.0,14624.42,0.0,0.0,28034.21,0.0,0.0,5686.91,0.0,0.0,14774,1,231
0,486,13,42007,9695.79,0.0,0.0,14863.42,1148.942,7.729997537578834,29574.53,1291.806,4.367967977851213,673.19,0.0,0.0,15008,1,231
0,486,14,39137,9533.02,0.0,0.0,15302.5,0.0,0.0,50568.84,0.0,0.0,24106.14,0.0,0.0,15464,1,231
0,486,15,57078,9947.81,0.0,0.0,16184.19,0.0,0.0,30263.21,0.0,0.0,757.83,0.0,0.0,16330,1,231
0,486,16,57476,9508.25,0.0,0.0,14627.88,0.0,0.0,28508.67,0.0,0.0,784.03,0.0,0.0,14775,1,231
0,486,17,69762,10003.65,0.0,0.0,14720.35,0.0,0.0,28966.27,0.0,0.0,734.08,709.579,96.6623528770706,14871,1,231
0,486,18,41868,9662.87,3647.087,37.74331021735778,14570.32,2057.607,14.12190672545284,30040.5,10103.944,33.634406884039876,765.3,741.9,96.94237553900432,14711,1,231
0,486,19,37731,10161.0,2572.319,25.315608699931108,14598.42,7627.602,52.24950371341556,34120.65,19274.647,56.489682933941765,747.38,724.96,97.00018732104151,14747,1,231
0,486,20,22159,10603.78,10603.78,100.0,15596.4,5669.086,36.348683029417046,36441.23,26063.181,71.52113416588847,5444.17,3351.88,61.56824639935931,15767,1,231
0,486,21,24034,9693.99,9460.386,97.59021826925756,15455.35,6523.912,42.21135076203386,36308.86,27020.915,74.41961824193875,5453.78,2895.023,53.082870962891796,15603,1,231
0,486,22,23077,9629.01,9629.01,100.0,14929.07,5611.702,37.58909295756535,31157.34,21767.851,69.86427917145687,5488.4,1661.712,30.276801982362805,15068,1,231
0,486,23,37395,9572.71,9324.684,97.40903046263806,15308.97,4653.434,30.39678044963182,31564.8,20590.617,65.23284481447688,5510.29,1159.465,21.041814496151744,15454,1,231
0,486,24,37780,9616.43,9366.225,97.39815087303708,15239.18,3710.993,24.35165802884407,31609.57,19743.671,62.461055306984555,5423.37,0.0,0.0,15386,1,231
0,486,25,37873,9657.6,9651.98,99.94180748840292,15213.93,2711.344,17.821457046272727,31704.4,17646.423,55.65922395629628,852.91,0.0,0.0,15359,1,231
0,486,26,,,,,,,,,,,581.83,0.0,0.0,,,
0,487,0,,,,,,,,,,,11788.11,11763.63,99.79233312210354,,,
0,487,1,582,10464.86,10464.86,100.0,14735.09,9043.637,61.37483381506323,32021.56,26253.205,81.98602753894563,21923.61,20825.019,94.9890050041941,14882,1,232
0,487,2,32865,9859.33,9859.33,100.0,14636.77,8187.062,55.93489547215676,28521.24,22071.532,77.38629877242363,633.92,505.711,79.7752082281676,14780,1,232
0,487,3,61634,9480.35,9480.35,100.0,13762.7,7473.937,54.30574669214616,27264.03,20955.606,76.86173320671963,754.99,625.767,82.88414416084981,13903,1,232
0,487,4,65235,9710.63,9710.63,100.0,14613.02,12792.704,87.5431909352071,28385.94,26544.224,93.51187242698322,5452.58,5427.019,99.53121274699318,14753,1,232
0,487,5,41273,9945.66,9945.66,100.0,15730.04,9205.452,58.52147864849675,29842.53,23309.902,78.10967099639339,675.34,675.34,100.0,15875,1,232
0,487,6,38802,9936.85,9936.85,100.0,14462.18,8023.631,55.480093595847926,31415.14,24857.167,79.12480097176076,5497.88,5473.08,99.54891703711249,14609,1,232
0,487,7,37656,9605.56,9605.56,100.0,15372.52,8852.911,57.58919812756789,33034.71,26421.441,79.98084741776151,5451.25,5425.33,99.52451272643889,15517,1,232
0,487,8,22843,9568.83,9562.65,99.93541530155724,15066.32,8443.468,56.04200627625061,31308.5,24604.467,78.5871792005366,5381.67,5322.049,98.89214686147609,15208,1,232
0,487,9,37534,9614.31,9608.03,99.93468069991503,15262.7,8478.469,55.550256507695224,31342.65,24480.518,78.10608866831616,666.67,601.049,90.15689921550391,15403,1,232
0,487,10,37527,9697.35,9691.429,99.93894208211522,20744.82,8346.006,40.231759060816145,37023.97,23172.164,62.58692409268914,661.01,627.906,94.99190632516905,20888,1,232
0,487,11,43184,9781.39,4941.641,50.520846219197885,14906.17,13404.1,89.92316604466473,29134.52,22582.771,77.5120750230311,5451.74,5373.198,98.55932234479269,15046,1,232
0,487,12,41012,9554.02,9554.02,100.0,16024.11,9428.818,58.8414457963656,29337.67,22501.314,76.69768594438482,677.82,572.237,84.42315068897346,16162,1,232
0,487,13,38573,9642.09,9636.49,99.94192130544312,15516.95,8794.337,56.6756804655554,31311.79,24518.495,78.3043543661988,647.29,624.27,96.44363422886188,15659,1,232
0,487,14,37503,9703.22,9693.947,99.90443378589788,14607.35,8101.079,55.458923076396474,30480.82,23711.924,77.79293339221189,647.98,623.679,96.2497299299361,14754,1,232
0,487,15,36788,9462.77,9450.809,99.87359937946287,14300.14,7837.649,54.80819768198074,31803.27,24985.812,78.56365713337026,766.03,747.929,97.63703771392765,14442,1,232
0,487,16,21227,9471.72,9471.72,100.0,14712.01,8170.641,55.53721755219035,31946.06,25067.365,78.46778288151965,1226.09,0.0,0.0,14861,1,232
0,487,17,21666,9583.48,9583.48,100.0,24109.33,3590.555,14.892802910740365,42370.69,19544.761,46.128021516760754,752.33,729.029,96.9028218999641,24253,1,232
0,487,18,32099,9754.9,7082.522,72.60476273462568,14283.33,8259.868,57.828727614638886,29693.86,17637.469,59.397697032315776,706.44,0.0,0.0,14426,1,232
0,487,19,45768,9549.67,0.0,0.0,14442.58,4507.812,31.211957974267758,27681.48,6703.074,24.21501307011041,5414.09,0.0,0.0,14581,1,232
0,487,20,41528,9546.18,2413.316,25.280436782042656,14347.09,4397.375,30.649943647108927,27889.96,9190.541,32.95286547560484,5397.25,0.0,0.0,14487,1,232
0,487,21,37602,9798.2,0.0,0.0,15505.85,3056.447,19.711573373920167,31767.41,4922.995,15.496998338863634,5626.35,0.0,0.0,15644,1,232
0,487,22,38041,9769.48,0.0,0.0,14688.99,1244.185,8.470187535017724,32222.39,1244.845,3.863291953203968,642.55,642.55,100.0,14831,1,232
0,487,23,38366,9536.37,0.0,0.0,14810.37,3089.591,20.860998070946234,30774.15,8307.751,26.995874784518822,639.2,639.2,100.0,14948,1,232
0,487,24,37176,9589.88,9589.88,100.0,14750.59,3585.715,24.308959844996032,31516.22,20122.809,63.84905613680829,5455.92,0.0,0.0,14887,1,232
0,487,25,21465,9770.95,9770.95,100.0,15867.65,4481.351,28.24205852788535,33655.84,20767.648,61.705926816861506,681.13,0.0,0.0,16009,1,232
0,487,26,,,,,,,,,,,717.89,0.0,0.0,,,
0,488,0,,,,,,,,,,,11612.33,11579.39,99.71633599802968,,,
0,488,1,575,11218.69,11218.69,100.0,16254.87,10326.936,63.531335532059,34331.67,28329.713,82.51772488783679,23459.99,22389.29,95.43605943566045,16412,1,233
0,488,2,35195,10154.29,10154.29,100.0,14571.66,8282.473,56.83959823383198,29089.46,22800.253,78.37977397999138,746.94,723.459,96.85637400594423,14716,1,233
0,488,3,64543,9888.42,9871.28,99.82666593854226,14990.0,8616.986,57.484896597731826,28654.05,22259.62,77.68402721430304,5423.96,5300.698,97.72745374228424,15131,1,233
0,488,4,68334,9995.33,9407.738,94.12133466328775,13558.02,11750.661,86.66944730867782,27262.13,24855.179,91.17108237690891,706.71,681.99,96.50210128624188,13695,1,233
0,488,5,39564,10561.27,10555.49,99.94527173341842,14142.83,7359.674,52.038198861189734,31386.1,24535.382,78.1727643765871,700.88,700.88,100.0,14284,1,233
0,488,6,37600,9708.03,9708.03,100.0,14190.57,7656.839,53.95723357130827,32543.57,25890.855,79.5575132046054,5448.39,5405.63,99.21518099842338,14331,1,233
0,488,7,21418,9730.79,9730.79,100.0,14830.72,7997.141,53.92281022094679,32314.93,25406.489,78.6215195267327,5574.09,5492.408,98.53461282469426,14971,1,233
0,488,8,22113,9664.83,9658.45,99.93398745761696,14964.2,8472.15,56.61612381550634,31474.4,24912.447,79.15145959891214,643.83,619.069,96.15410900392959,15106,1,233
0,488,9,37670,9808.0,9801.7,99.93576672104406,13873.62,7082.584,51.050727928255206,30244.97,23387.473,77.32681831061497,694.17,669.55,96.45331835141248,14012,1,233
0,488,10,36588,9589.69,9589.69,100.0,13877.12,7261.305,52.32573473458469,31180.6,24461.68,78.45160131620302,725.33,708.829,97.72503550108225,14023,1,233
0,488,11,20842,9668.16,9668.16,100.0,14066.2,7496.669,53.29562355149223,32007.69,25329.718,79.13635129557929,5513.14,5465.918,99.14346452293972,14222,1,233
0,488,12,21352,9708.97,9708.97,100.0,15251.22,8678.647,56.904608287074744,33202.13,26537.274,79.9264203832706,710.94,684.103,96.22513854896332,15397,1,233
0,488,13,22805,9613.2,9613.2,100.0,13739.21,7051.199,51.32172082674331,29687.57,22930.198,77.23837956424187,685.14,660.58,96.41533117319088,13881,1,233
0,488,14,36061,9575.45,9575.45,100.0,13923.85,7523.78,54.03519859808889,31856.51,25104.374,78.80453320216182,682.05,649.328,95.20240451579797,14067,1,233
0,488,15,20927,9700.29,9700.29,100.0,13288.66,6911.595,52.011226113091915,31227.8,24514.769,78.5030293520517,704.72,704.72,100.0,13434,1,233
0,488,16,20376,9696.8,9696.8,100.0,15041.89,5926.208,39.398027774435256,33164.5,23698.809,71.45836361169323,632.24,609.76,96.44438820701,15190,1,233
0,488,17,22178,9769.94,9769.94,100.0,14143.34,7414.548,52.42430712971617,31742.38,24844.126,78.26800006804783,660.03,629.09,95.31233428783541,14290,1,233
0,488,18,21433,9755.78,9746.12,99.90098177695684,13838.03,7705.49,55.683431817968305,31508.42,25071.435,79.57058779843611,614.23,590.41,96.12197385344251,13994,1,233
0,488,19,20973,9629.58,9245.433,96.01076059391998,13220.95,7038.57,53.23800483323815,31445.69,24559.398,78.10099889682816,5619.85,5521.826,98.25575415713942,13366,1,233
0,488,20,20339,9676.49,9676.49,100.0,15769.9,9195.523,58.31059803803448,34760.3,27617.393,79.45096273622494,646.9,646.9,100.0,15910,1,233
0,488,21,23233,9847.22,9847.22,100.0,15039.41,8394.68,55.81788115358249,31115.97,24404.377,78.43039121068699,5480.78,5418.979,98.87240502264277,15179,1,233
0,488,22,37559,9836.32,9836.32,100.0,15636.91,9007.753,57.60570982374395,33262.0,26333.396,79.16961096747039,653.68,622.06,95.16277077469098,15782,1,233
0,488,23,22956,9724.96,9511.696,97.80704496470938,13790.81,7475.304,54.20496693087644,30122.79,23533.039,78.12370301688522,11195.65,10961.666,97.91004541942628,13931,1,233
0,488,24,36358,9632.34,9378.435,97.36403615320887,14801.37,8304.598,56.10695496430398,32805.29,25945.81,79.09032354233113,563.84,536.601,95.16901958002269,14947,1,233
0,488,25,22129,9632.43,9398.446,97.57087256279048,13869.18,7437.61,53.62689070298316,30480.05,23740.655,77.88916028681055,659.37,636.809,96.57840059450687,14012,1,233
0,488,26,,,,,,,,,,,614.37,590.27,96.07728241938896,,,
0,489,0,,,,,,,,,,,11935.35,11897.948,99.68662837704801,,,
0,489,1,553,10674.69,10674.69,100.0,14372.63,8638.955,60.10698807385983,31887.18,26083.984,81.80084911867402,21611.56,20517.139,94.9359463176189,14521,1,234
0,489,2,32686,10031.94,10031.94,100.0,14447.44,7964.269,55.12581467720233,28405.0,21920.309,77.17060024643548,739.99,716.469,96.82144353302073,14591,1,234
0,489,3,61340,9864.28,9864.28,100.0,15148.33,8757.424,57.811151460259985,28963.27,22555.443,77.87602366721713,672.22,647.7,96.35238463598228,15296,1,234
0,489,4,66316,9724.72,9724.72,100.0,13273.58,11503.967,86.66815584039874,26712.7,24943.087,93.3753869882116,682.92,660.219,96.6758917589176,13417,1,234
0,489,5,39204,9702.67,9702.67,100.0,13637.13,7424.286,54.441704376214055,28842.6,22617.096,78.41559360113166,720.66,720.66,100.0,13780,1,234
0,489,6,35911,9646.41,9646.41,100.0,13438.82,7250.655,53.95306284331512,32020.08,25278.986,78.9472918243802,689.18,689.18,100.00000000000001,13582,1,234
0,489,7,20491,9645.26,9636.88,99.913117946017,14319.57,7879.14,55.023579618661735,33808.07,26827.49,79.35232623453513,664.44,647.979,97.52257540184215,14473,1,234
0,489,8,21931,10033.86,10033.86,100.0,15158.45,8421.217,55.55460485735679,32972.56,26145.125,79.29358533277369,715.85,691.43,96.58867081092407,15313,1,234
0,489,9,22356,9857.27,9857.27,100.0,14762.09,4514.858,30.584138153879298,32416.1,20729.841,63.94921350810246,681.69,657.989,96.52319969487597,14909,1,234
0,489,10,21898,9806.09,9178.96,93.60468851499424,14494.62,8142.555,56.17639510383852,32569.82,25123.54,77.13748494772155,683.66,457.596,66.93327092414359,14656,1,234
0,489,11,21853,9897.27,9887.47,99.90098279626602,14571.07,8071.379,55.39317977334541,32848.33,25987.87,79.11473733976734,684.83,659.986,96.3722383657258,14733,1,234
0,489,12,22180,10113.0,10104.34,99.91436764560467,14212.51,7617.418,53.596570908305424,32351.06,25450.982,78.67124601172264,805.49,782.49,97.14459521533476,14361,1,234
0,489,13,21441,9870.35,9625.785,97.52222565562518,14150.56,7735.375,54.66479771825285,32727.31,25934.779,79.24506780422833,753.5,720.538,95.62548108825482,14300,1,234
0,489,14,21352,10063.28,9816.416,97.54688332233624,27545.84,14822.968,53.81200210267685,47549.27,34452.912,72.45728903934803,666.0,642.619,96.48933933933934,27710,1,234
0,489,15,35822,9974.03,9974.03,100.0,14938.78,8552.653,57.25134850369307,28981.73,22595.603,77.96499035771846,674.54,642.359,95.22919322797759,15075,1,234
0,489,16,47092,9782.4,9782.4,100.0,13984.45,8526.067,60.968196818609236,27278.72,20719.849,75.95608958191586,679.78,646.778,95.14519403336374,14119,1,234
0,489,17,41823,9648.68,9402.134,97.44476964724709,14678.78,12770.059,86.996732698494,27867.93,25710.075,92.25685223122062,708.74,708.74,100.0,14811,1,234
0,489,18,38343,9670.74,9441.795,97.63260102122486,15125.89,8530.659,56.3977326292866,30140.16,23314.424,77.35335180702425,697.1,681.7,97.79084779802037,15264,1,234
0,489,19,37356,9667.67,9435.886,97.60248332845454,14488.34,7982.307,55.09469683897534,31778.93,24956.672,78.53213434184221,782.67,758.97,96.97190386753039,14626,1,234
0,489,20,21627,9666.33,9438.626,97.64435933803212,15082.14,8939.398,59.27141639051222,32949.11,26494.722,80.41103993400732,755.85,725.141,95.937156843289,15232,1,234
0,489,21,22693,10205.12,10205.12,100.0,15045.37,8635.102,57.39374970505877,35863.06,28865.203,80.48728413024433,685.08,662.279,96.67177555905879,15200,1,234
0,489,22,22857,9657.82,9657.82,100.0,14395.64,7711.246,53.566538201844445,32790.51,25980.313,79.23119524520966,679.69,647.71,95.2949138577881,14543,1,234
0,489,23,21750,9739.5,9731.0,99.91272652600236,13874.17,7409.023,53.40155843556768,31241.91,24434.733,78.21139296541088,644.61,621.389,96.39766680628597,14017,1,234
0,489,24,20783,9668.68,9422.995,97.45896027172273,13961.54,7894.056,56.5414417034224,32234.31,25804.179,80.05190432182354,598.23,566.728,94.73413235712016,14106,1,234
0,489,25,21152,9721.73,9714.53,99.92593910754569,13927.77,7887.985,56.63494586714169,33940.35,27211.77,80.17527809819286,725.67,690.93,95.21269998759767,14069,1,234
0,489,26,,,,,,,,,,,577.28,544.458,94.31437084257206,,,
0,490,0,,,,,,,,,,,12083.46,10422.775,86.25654406933114,,,
0,490,1,602,10715.52,10021.855,93.52653907603177,15242.43,8762.181,57.48545999555189,32877.73,25453.096,77.41743727441036,23054.15,21241.008,92.13529017552155,15386,1,235
0,490,2,33760,10739.16,10739.16,100.0,15662.55,9134.918,58.323312615123335,30517.71,23990.078,78.61034789307587,655.75,623.07,95.01639344262296,15805,1,235
0,490,3,64531,9809.76,9809.76,100.0,14331.43,6684.164,46.63989566986686,28174.88,18877.954,67.00278404025146,701.3,668.46,95.31726793098532,14474,1,235
0,490,4,68375,9648.67,590.911,6.124274122754741,14369.57,12505.718,87.02917345473804,28014.31,16908.648,60.357181740331995,695.75,671.749,96.55034135824651,14509,1,235
0,490,5,41515,9701.18,9701.18,100.0,14466.28,8258.815,57.09010886005248,27833.8,21618.795,77.67101509675287,677.88,653.22,96.36218799787574,14607,1,235
0,490,6,37634,9730.33,9709.03,99.78109683844228,14611.12,7963.691,54.50431589091048,35091.39,27766.808,79.12712491582694,648.78,614.98,94.7902216467832,14759,1,235
0,490,7,21896,9710.52,9710.52,100.0,14282.53,4197.103,29.386271199850444,32548.06,20989.768,64.48853787291776,743.29,718.69,96.69039002273675,14431,1,235
0,490,8,21608,9660.17,5929.077,61.37652857040819,13507.54,7324.836,54.2277572378094,31327.51,21122.011,67.4232040784601,678.57,646.289,95.24278998482102,13657,1,235
0,490,9,20498,9850.62,9850.62,100.0,14023.27,7780.345,55.48167438835593,33565.98,26608.541,79.2723495634568,707.03,674.97,95.46553894459925,14172,1,235
0,490,10,21510,9734.68,9465.068,97.23039689029325,13672.22,7524.899,55.03787241574522,32047.25,25225.935,78.71481952429616,689.16,666.14,96.65970166579605,13817,1,235
0,490,11,20788,9699.36,9691.14,99.9152521403474,14623.77,7989.877,54.63623265409672,33509.05,26290.207,78.4570347413609,5528.45,5485.789,99.22833705649866,14795,1,235
0,490,12,22003,9697.33,9697.33,100.0,15693.4,8908.465,56.76567856551162,34505.61,27599.613,79.9858718625754,699.63,665.83,95.16887497677344,15833,1,235
0,490,13,23197,9768.04,9768.04,100.0,13658.44,6948.847,50.87584672920187,29897.39,23110.157,77.29824242183012,5499.4,5303.942,96.44583045423137,13800,1,235
0,490,14,36186,9723.76,9723.76,100.0,15532.63,8877.018,57.15077227745721,33931.28,27152.328,80.02152586050394,647.31,623.209,96.27674529977908,15679,1,235
0,490,15,22775,9788.51,9788.51,100.0,16348.05,9260.264,56.64445606662568,32662.83,25505.543,78.08736413837993,699.47,667.149,95.37921569188099,16499,1,235
0,490,16,38911,9834.43,9834.43,100.0,14553.46,8262.377,56.77259565766492,32695.22,26301.494,80.44446252387964,725.11,701.73,96.77566162375363,14704,1,235
0,490,17,21860,9816.62,9816.62,100.0,13793.18,7538.595,54.65451041746718,33017.47,25828.547,78.22691138963705,810.73,201.772,24.88769380681608,13937,1,235
0,490,18,21060,9675.65,9675.65,100.0,18453.04,11596.66,62.844170933352984,38298.96,30839.951,80.52425183347016,754.0,719.519,95.42692307692307,18622,1,235
0,490,19,26744,9881.73,9880.35,99.9860348339815,14284.61,8088.661,56.62500411281792,31191.64,24970.171,80.0540497389685,961.68,961.68,100.0,14454,1,235
0,490,20,39712,9756.54,9737.96,99.80956363628907,14993.62,8451.387,56.36655457454571,34856.4,27557.152,79.05908814450143,728.09,0.0,0.0,15139,1,235
0,490,21,22721,9902.68,9902.68,100.0,29046.11,5949.285,20.482209149521225,48287.94,23285.815,48.2228378348714,717.19,694.489,96.83472998786932,29220,1,235
0,490,22,37887,9823.82,9590.696,97.6269516338858,15395.5,6617.435,42.98291708616154,29050.25,18674.831,64.2845793065464,825.61,802.429,97.19225784571407,15535,1,235
0,490,23,47495,9829.68,7456.285,75.85480910874006,15149.48,13893.388,91.70867910977803,37820.68,34025.233,89.96462517331787,681.09,618.089,90.74997430589204,15322,1,235
0,490,24,52827,9926.31,9732.527,98.04778412118904,15579.94,10415.233,66.85027670196419,29049.03,22416.206,77.16679696361633,624.61,502.366,80.428747538464,15738,1,235
0,490,25,41080,9708.8,9495.895,97.80709253460779,16257.95,9744.94,59.93953727253436,31637.36,24879.024,78.63811645472315,597.23,565.249,94.64511159854662,16396,1,235
0,490,26,,,,,,,,,,,591.9,560.02,94.61395505997635,,,
0,491,0,,,,,,,,,,,11825.13,11777.068,99.5935604936267,,,
0,491,1,571,10554.57,10554.57,100.0,16192.97,10101.372,62.38121851643028,33711.69,27540.269,81.69352826868068,24192.45,22488.9,92.95834030865001,16335,1,236
0,491,2,34519,10113.47,10113.47,100.0,15431.14,8601.864,55.743541954774564,29346.36,22517.084,76.72871184024186,674.71,0.0,0.0,15572,1,236
0,491,3,64111,9907.0,9907.0,100.0,15236.99,5987.525,39.29598299926692,29386.54,20117.095,68.45683431938568,624.54,0.0,0.0,15375,1,236
0,491,4,70120,9825.87,9825.87,100.0,14835.19,5031.779,33.917860168963124,28209.24,17516.368,62.09443430592245,685.03,327.694,47.836445119191865,14972,1,236
0,491,5,42736,9613.94,9613.94,100.0,16666.89,5153.602,30.921197655951413,29913.54,18400.252,61.511449330303265,5578.9,0.0,0.0,16805,1,236
0,491,6,40705,9883.26,9880.74,99.97450234032091,15685.55,1885.559,12.0209938446532,29524.86,14204.198,48.10928146653362,11369.95,9235.887,81.23067383761583,15826,1,236
0,491,7,38672,9848.49,9265.563,94.08105201914202,14782.8,2006.324,13.572016126850123,31567.43,16283.126,51.58204516490573,658.72,0.0,0.0,14932,1,236
0,491,8,37922,9833.24,8760.787,89.0935947866624,14474.84,2167.479,14.974113703502075,31237.87,16220.365,51.92532333350513,896.73,0.0,0.0,14614,1,236
0,491,9,32277,9768.19,0.0,0.0,17062.56,0.0,0.0,42984.37,0.0,0.0,668.7,0.0,0.0,17205,1,236
0,491,10,32602,9795.15,0.0,0.0,14989.64,0.0,0.0,29183.18,0.0,0.0,955.36,0.0,0.0,15129,1,236
0,491,11,46193,10324.6,0.0,0.0,15571.55,0.0,0.0,29761.47,0.0,0.0,776.76,0.0,0.0,15722,1,236
0,491,12,44716,9726.9,0.0,0.0,16200.21,0.0,0.0,38947.43,0.0,0.0,682.58,0.0,0.0,16348,1,236
0,491,13,50349,9762.93,0.0,0.0,14535.39,0.0,0.0,36310.84,0.0,0.0,20408.6,0.0,0.0,14674,1,236
0,491,14,56962,10142.89,0.0,0.0,16106.87,0.0,0.0,40165.36,0.0,0.0,27629.97,0.0,0.0,16256,1,236
0,491,15,65201,9913.05,0.0,0.0,15336.16,0.0,0.0,30042.03,0.0,0.0,664.75,0.0,0.0,15479,1,236
0,491,16,80051,10210.81,0.0,0.0,15716.31,0.0,0.0,43390.87,0.0,0.0,33308.7,0.0,0.0,15858,1,236
0,491,17,87769,10150.21,0.0,0.0,14793.56,0.0,0.0,28974.05,0.0,0.0,704.8,0.0,0.0,14935,1,236
0,491,18,60956,9902.98,0.0,0.0,15805.47,0.0,0.0,46466.59,0.0,0.0,33826.05,0.0,0.0,15956,1,236
0,491,19,95251,10272.29,0.0,0.0,15347.19,0.0,0.0,29677.59,0.0,0.0,697.82,0.0,0.0,15494,1,236
0,491,20,62898,10183.25,0.0,0.0,15215.92,0.0,0.0,29359.52,0.0,0.0,3465.87,0.0,0.0,15355,1,236
0,491,21,79673,10037.17,0.0,0.0,15671.83,0.0,0.0,35468.52,0.0,0.0,726.29,0.0,0.0,15817,1,236
0,491,22,49380,10021.44,0.0,0.0,18406.62,0.0,0.0,32168.7,0.0,0.0,686.12,0.0,0.0,18548,1,236
0,491,23,52059,9846.88,0.0,0.0,16496.92,0.0,0.0,30437.42,0.0,0.0,635.82,0.0,0.0,16640,1,236
0,491,24,47279,9836.35,0.0,0.0,15234.63,0.0,0.0,28744.7,0.0,0.0,700.99,0.0,0.0,15381,1,236
0,491,25,44131,9846.23,0.0,0.0,20883.9,0.0,0.0,35448.83,0.0,0.0,603.7,0.0,0.0,21028,1,236
0,491,26,,,,,,,,,,,825.19,0.0,0.0,,,
0,492,0,,,,,,,,,,,12032.07,6926.745,57.569021789268184,,,
0,492,1,604,10672.01,6522.885,61.121428859230825,16046.18,5694.853,35.49039709139496,34177.43,19377.885,56.697899754311536,24290.74,18329.392,75.45835161876501,16192,1,237
0,492,2,35049,10188.64,10188.64,100.0,15087.07,8617.621,57.119248469053296,29228.74,22759.291,77.86613791767965,742.15,469.012,63.19638887017449,15238,1,237
0,492,3,64539,9850.51,9850.51,100.0,15334.89,9018.8,58.81229014358759,29013.37,22295.153,76.84441000821344,698.33,567.569,81.27518508441567,15479,1,237
0,492,4,69625,10411.88,9861.609,94.71496982293304,16402.62,14497.823,88.38723935566392,30916.54,28453.872,92.03446439996195,704.38,671.179,95.28649308611828,16545,1,237
0,492,5,43044,10595.22,10595.22,100.0,14424.15,7510.991,52.072330085308316,28734.15,21812.61,75.91179833055789,5552.05,5422.488,97.66641150566008,14566,1,237
0,492,6,38445,9844.72,9844.72,100.0,15792.7,9114.091,57.71078409644963,34635.15,27835.179,80.3668498620621,721.28,697.139,96.6530334960071,15940,1,237
0,492,7,23340,9796.62,9790.259,99.93506944231785,14444.32,7343.799,50.84212340906322,31183.3,24001.398,76.96875571219212,716.94,475.29,66.29425056490082,14593,1,237
0,492,8,37533,9912.49,9706.429,97.92119840726195,16274.65,9221.65,56.66266248429306,35525.84,28109.631,79.12446545950779,5448.04,5321.038,97.66884971475979,16422,1,237
0,492,9,23833,9768.54,9750.38,99.81409709127462,15412.04,8577.283,55.65313222649304,31714.05,24803.252,78.20903353560962,637.45,613.61,96.26009883128087,15558,1,237
0,492,10,38147,9687.33,9681.01,99.93476014546836,14164.49,7621.779,53.80906054506728,30373.06,23753.747,78.20663113956907,657.38,640.14,97.37746813106574,14302,1,237
0,492,11,36623,9844.71,9835.97,99.91122135644422,14215.39,7693.1,54.118107206344675,31870.83,25249.958,79.22591912416462,668.07,650.09,97.30866525962847,14359,1,237
0,492,12,21258,9804.38,9796.08,99.9153439585165,13999.72,7471.531,53.36914595434766,31523.44,24652.025,78.20220445484377,5610.54,5559.458,99.08953505366684,14140,1,237
0,492,13,21059,9900.92,9893.9,99.92909749801028,14998.46,8457.631,56.3899960395934,33230.6,26369.666,79.35356568945491,5641.57,5514.928,97.75519935053542,15141,1,237
0,492,14,22662,9862.25,9856.21,99.93875636898272,15238.12,8489.529,55.712443529779264,32128.77,25304.796,78.76055012376756,652.78,630.68,96.61447961028217,15380,1,237
0,492,15,38520,9841.22,9841.22,100.0,14247.73,7630.736,53.55755618614334,30594.52,23892.143,78.09288395438136,758.35,740.11,97.59477813674424,14391,1,237
0,492,16,37016,9713.7,9713.7,100.0,14196.14,7668.431,54.017718901053385,31682.27,24820.434,78.34171604496774,5559.46,5517.318,99.24197673874802,14339,1,237
0,492,17,21249,10046.87,10046.87,100.0,15369.41,8581.373,55.834108140780934,34170.86,27045.475,79.14777386346144,636.05,603.329,94.85559311374891,15511,1,237
0,492,18,23326,9784.38,9528.295,97.38271612508917,13409.34,7198.233,53.68074043912676,29523.46,22993.206,77.8811358831248,5443.27,5378.329,98.80694876425383,13548,1,237
0,492,19,35844,9686.32,9667.319,99.80383675121202,14623.04,7922.365,54.1772777753463,34035.64,26760.113,78.62379846537337,630.36,596.899,94.6917634367663,14766,1,237
0,492,20,22437,9840.36,9836.297,99.95871086017178,14046.08,7581.951,53.97912442475054,30708.41,24177.04,78.73100561051517,633.35,601.589,94.98523723059921,14183,1,237
0,492,21,36909,9687.95,9676.09,99.8775798801604,13923.82,7263.567,52.166481612086336,31833.04,24841.459,78.03671594041913,617.44,584.619,94.68434179839336,14062,1,237
0,492,22,21065,9724.47,9509.874,97.79323706073443,13877.89,7353.34,52.986008679993866,31802.54,24944.064,78.43418796108737,612.71,581.049,94.8326288129784,14017,1,237
0,492,23,20978,9751.44,9751.44,100.0,14447.02,7863.468,54.429688613984055,32585.09,25677.051,78.80000024551106,580.24,547.62,94.37818833586103,14586,1,237
0,492,24,21483,9855.02,9626.915,97.68539282517946,13822.38,7636.177,55.245022926587176,31471.47,24956.72,79.29950523442344,603.03,570.609,94.62365056464853,13965,1,237
0,492,25,20675,9793.18,9784.74,99.91381757508796,14138.1,7512.49,53.13648934439564,32690.54,25511.6,78.03970200553432,601.71,567.868,94.37569593325688,14280,1,237
0,492,26,,,,,,,,,,,593.96,560.4,94.34978786450266,,,
0,493,0,,,,,,,,,,,12040.69,11991.448,99.59103672630057,,,
0,493,1,598,10719.02,10719.02,100.0,14620.76,8820.745,60.33027694866752,32316.71,26439.013,81.81220489338178,22298.36,21049.565,94.39961055431878,14771,1,238
0,493,2,33192,10203.36,10203.36,100.0,13895.41,7551.104,54.3424339404163,28445.73,22101.404,77.69673690919515,653.38,620.959,95.03795647249686,14044,1,238
0,493,3,61896,9960.34,9960.34,100.0,26917.55,10703.392,39.763618902909066,40861.86,22987.777,56.25729469975179,24121.06,10141.024,42.042198808841725,27063,1,238
0,493,4,78697,10443.43,7091.234,67.90138871998951,13718.07,4721.772,34.42008970649662,28747.95,14471.261,50.33841021707635,687.8,0.0,0.0,13859,1,238
0,493,5,52828,9841.83,9625.606,97.80301021253162,14342.0,4476.07,31.209524473574117,28067.93,16580.975,59.07444902420662,738.02,686.539,93.02444378201132,14507,1,238
0,493,6,67730,9818.36,8167.391,83.18488016328592,14452.31,12927.764,89.45119499927694,28505.0,25159.045,88.26186633923874,655.2,655.2,100.0,14599,1,238
0,493,7,40557,9828.21,9828.21,100.0,14869.56,8232.364,55.36387088790791,30346.32,23459.3,77.30525480519549,633.64,408.716,64.50287229341582,15012,1,238
0,493,8,37665,9856.85,9841.23,99.84153152376265,14074.08,7483.647,53.17325892704887,31427.86,24526.823,78.04165794298434,669.12,635.439,94.96637374461979,14217,1,238
0,493,9,21016,9872.26,9872.26,100.0,14233.68,4593.924,32.27502655673023,32487.5,21899.465,67.40889572912658,617.02,584.34,94.70357524877637,14378,1,238
0,493,10,21258,9767.6,9767.6,100.0,14301.13,4674.705,32.68766174421182,32655.46,21491.269,65.81217658547759,662.75,662.75,100.0,14448,1,238
0,493,11,21440,9835.37,8058.735,81.93626675966435,14714.88,7859.983,53.41520284229298,32814.74,23909.596,72.86236611961577,5667.64,5635.86,99.43927278373361,14857,1,238
0,493,12,21668,9796.63,9780.829,99.83870984205794,16583.54,9891.868,59.648711915549995,35397.32,28619.545,80.8522933374617,781.27,748.008,95.74257299013146,16732,1,238
0,493,13,25018,9946.27,9946.27,100.0,29154.24,13650.328,46.821073024026695,47676.1,32096.687,67.32238375202671,738.02,705.06,95.5339963686621,29318,1,238
0,493,14,54205,10065.14,9850.755,97.87002465936887,15533.2,8206.673,52.83311230139314,30236.48,20537.168,67.92182158769805,710.05,664.409,93.57214280684458,15675,1,238
0,493,15,47906,10024.81,5605.452,55.91579291777102,14963.84,13315.743,88.98613591163766,28782.75,22364.107,77.69968818128915,747.76,712.92,95.34075104311545,15103,1,238
0,493,16,43126,9889.04,9614.354,97.22231884995912,13905.58,7404.508,53.24846572383172,27488.12,20481.718,74.51116336802954,720.61,658.531,91.38521530370102,14045,1,238
0,493,17,37778,10621.64,10621.64,100.0,14495.87,8291.128,57.19648423999387,34793.17,28228.522,81.1323659212426,717.72,684.64,95.39096026305522,14652,1,238
0,493,18,22468,9777.93,9228.087,94.37669322648044,26396.05,13529.275,51.25492261152711,45550.88,31543.641,69.2492461177479,674.15,658.529,97.68285989764888,26538,1,238
0,493,19,34230,9770.35,9750.689,99.79876872374071,14811.76,8649.739,58.39777987220964,28650.57,22419.467,78.25138208419588,744.59,630.192,84.63610846237526,14949,1,238
0,493,20,46233,9862.92,9405.632,95.36356373163322,14788.82,9305.462,62.92227506995149,28392.19,21546.992,75.8905600448574,5652.55,5526.327,97.76697242837304,14929,1,238
0,493,21,43252,9787.1,9548.335,97.56041115345708,13705.82,11817.401,86.22177294025458,27403.15,25275.966,92.23744715479789,655.69,624.029,95.17134621543717,13847,1,238
0,493,22,38592,9787.34,9538.715,97.45972858815571,13447.98,7273.679,54.08752095110195,29979.68,23487.032,78.34317110789708,662.63,630.208,95.10707332900714,13592,1,238
0,493,23,36429,9787.19,9768.409,99.80810631039142,12938.46,6811.237,52.643336223940096,31399.74,24746.227,78.8102926966911,606.1,573.059,94.54858934169278,13081,1,238
0,493,24,19711,9844.42,9830.2,99.8555526887313,14685.59,8213.504,55.92900251198625,34057.07,27009.307,79.30602074694036,593.92,571.18,96.17120150862068,14828,1,238
0,493,25,21809,9805.26,9805.26,100.0,14433.31,7701.034,53.35598002121481,32477.25,25620.333,78.88701475648338,608.51,575.91,94.64265172306125,14578,1,238
0,493,26,,,,,,,,,,,627.26,594.999,94.85683767496732,,,
0,494,0,,,,,,,,,,,6514.02,5234.554,80.35827338571266,,,
0,494,1,606,11157.55,10838.744,97.14268813494003,15586.42,5655.862,36.28711403901601,33513.45,23013.615,68.66978780161398,23518.56,18203.334,77.39986631834601,15732,1,239
0,494,2,34386,10841.64,10841.64,100.0,27724.71,6296.179,22.709629785126697,42744.18,19486.189,45.58793501243912,29662.13,3659.639,12.337748502889038,27877,1,239
0,494,3,77412,10348.97,532.109,5.1416614407037615,14944.91,8454.639,56.572030209616514,30184.79,13704.418,45.40173378711596,656.98,0.0,0.0,15091,1,239
0,494,4,82968,9872.25,9872.25,100.0,13710.37,5092.341,37.14225801345989,27572.53,17493.411,63.44507014771587,756.45,0.0,0.0,13867,1,239
0,494,5,74225,9919.63,0.0,0.0,15064.44,275.466,1.8285844014115362,28782.41,275.466,0.9570637066180352,961.78,0.0,0.0,15208,1,239
0,494,6,41133,10288.49,0.0,0.0,15463.78,0.08,0.0005173379341920281,32154.27,0.84,0.0026124057551298787,5879.08,0.0,0.0,15604,1,239
0,494,7,40817,9763.57,9763.57,100.0,14970.85,2009.323,13.421569249575008,29611.55,14859.437,50.18121982807384,6016.77,0.0,0.0,15148,1,239
0,494,8,38359,9896.62,7106.108,71.80338337735509,14850.98,1956.473,13.17403295944106,31891.23,13963.699,43.78538864759999,1043.08,0.0,0.0,14994,1,239
0,494,9,38509,9811.83,759.59,7.741573182576543,15700.61,2041.916,13.005329092309152,32496.31,7729.456,23.785642123674965,766.84,0.0,0.0,15866,1,239
0,494,10,39407,10007.98,0.0,0.0,16916.1,0.0,0.0,40191.7,0.0,0.0,716.63,0.0,0.0,17076,1,239
0,494,11,29220,9888.98,0.0,0.0,15444.74,0.0,0.0,35958.85,0.0,0.0,661.42,0.0,0.0,15597,1,239
0,494,12,47078,9997.28,0.0,0.0,15649.69,0.0,0.0,36309.86,0.0,0.0,681.19,0.0,0.0,15793,1,239
0,494,13,50450,9812.35,0.0,0.0,26303.52,0.0,0.0,46958.98,0.0,0.0,34671.87,0.0,0.0,26454,1,239
0,494,14,68126,10331.44,0.0,0.0,15036.44,0.0,0.0,29512.43,0.0,0.0,699.6,0.0,0.0,15176,1,239
0,494,15,66012,9921.85,0.0,0.0,15077.97,0.0,0.0,32673.96,0.0,0.0,673.34,0.0,0.0,15222,1,239
0,494,16,83175,9796.02,0.0,0.0,14780.4,0.0,0.0,32781.93,0.0,0.0,686.0,0.0,0.0,14927,1,239
0,494,17,52500,9803.72,0.0,0.0,14630.98,0.0,0.0,34278.51,0.0,0.0,17660.33,0.0,0.0,14774,1,239
0,494,18,55147,10188.06,0.0,0.0,14881.59,0.0,0.0,34381.9,0.0,0.0,19150.46,0.0,0.0,15025,1,239
0,494,19,57271,10154.53,0.0,0.0,15351.68,0.0,0.0,34078.89,0.0,0.0,19051.95,0.0,0.0,15492,1,239
0,494,20,75624,10194.82,0.0,0.0,13768.51,0.0,0.0,34654.81,0.0,0.0,19258.1,0.0,0.0,13907,1,239
0,494,21,77390,10190.9,0.0,0.0,15316.07,0.0,0.0,37702.71,0.0,0.0,22101.18,0.0,0.0,15483,1,239
0,494,22,80823,10311.11,0.0,0.0,16155.18,0.0,0.0,34937.53,0.0,0.0,20041.94,0.0,0.0,16333,1,239
0,494,23,81339,10462.61,0.0,0.0,14826.42,0.0,0.0,29656.07,0.0,0.0,641.88,0.0,0.0,14969,1,239
0,494,24,75851,9874.79,0.0,0.0,14413.01,0.0,0.0,32870.75,0.0,0.0,655.55,0.0,0.0,14558,1,239
0,494,25,69193,9871.21,0.0,0.0,14984.99,0.0,0.0,30153.22,0.0,0.0,645.01,0.0,0.0,15125,1,239
0,494,26,,,,,,,,,,,932.33,0.0,0.0,,,
0,495,0,,,,,,,,,,,11659.99,11316.017,97.04997174097062,,,
0,495,1,608,11251.58,11251.58,100.0,15497.31,7489.95,48.33064577013688,33682.87,25596.569,75.99283849624452,22868.06,19416.878,84.90828692945531,15642,1,240
0,495,2,34568,10284.73,10284.73,100.0,14745.9,7940.645,53.84984978875484,29259.97,22454.695,76.74203015245743,681.27,0.0,0.0,14890,1,240
0,495,3,64070,9950.45,9933.33,99.82794747976222,15588.11,6320.783,40.54874516538567,29815.73,20531.283,68.86057460273487,702.64,0.0,0.0,15730,1,240
0,495,4,68947,9900.37,9898.99,99.98606112700837,15132.13,8428.318,55.698160140046376,29093.09,22367.801,76.88355207370547,5562.95,0.0,0.0,15278,1,240
0,495,5,43279,10378.17,9115.516,87.83355832482991,14265.28,4084.701,28.633864880324815,28572.27,14555.87,50.94404469788365,731.29,0.0,0.0,14402,1,240
0,495,6,39768,10064.61,0.0,0.0,16243.58,1639.053,10.090466510461365,33519.29,1639.673,4.891729508590426,749.62,0.0,0.0,16379,1,240
0,495,7,39819,9930.18,0.0,0.0,16022.97,0.54,0.0033701617115927947,36293.49,0.56,0.001542976440127417,698.61,0.0,0.0,16164,1,240
0,495,8,43527,9946.39,6281.047,63.14901185254148,17065.48,1753.719,10.276411797382787,30708.25,10771.496,35.07687999153322,662.93,0.0,0.0,17202,1,240
0,495,9,41891,9947.38,9947.38,100.0,15263.99,1668.595,10.931578178444823,28903.72,13960.465,48.29989011795021,637.52,621.38,97.46831471953821,15401,1,240
0,495,10,38657,9818.92,3671.555,37.39265621881022,14268.53,2038.468,14.286461184158425,30547.83,10572.391,34.60930285391793,5874.72,0.0,0.0,14409,1,240
0,495,11,37141,9868.75,8040.525,81.47460417986068,15565.18,2142.772,13.766445360734664,34016.22,16829.137,49.4738598233431,5921.45,0.0,0.0,15713,1,240
0,495,12,23405,10037.75,7171.019,71.4405021045553,15205.68,2078.673,13.6703718610414,32521.75,14501.37,44.58975916117675,6113.26,0.0,0.0,15343,1,240
0,495,13,39161,9912.38,7603.324,76.70533212003575,16040.9,2244.06,13.989614049087022,33153.33,15099.942,45.54577775445181,1174.72,0.0,0.0,16189,1,240
0,495,14,39904,9990.35,0.0,0.0,17109.74,1184.663,6.923910006814832,37712.38,2588.213,6.863032775974363,818.58,0.0,0.0,17276,1,240
0,495,15,44633,10211.77,9937.225,97.31148468874642,16531.37,2223.941,13.452853574749097,30300.19,14626.776,48.27288541755019,754.44,0.0,0.0,16672,1,240
0,495,16,41064,9923.26,0.0,0.0,16813.0,2186.033,13.00204008802712,33300.94,3496.93,10.500994866811567,5980.8,0.0,0.0,16956,1,240
0,495,17,40413,9985.38,0.0,0.0,16207.6,3830.311,23.63280806535206,33778.25,5236.385,15.502238866726369,705.44,0.0,0.0,16361,1,240
0,495,18,41093,9969.57,7841.417,78.65351263896036,14766.23,4948.57,33.51275173148461,31794.16,18297.485,57.54982990586951,712.85,680.648,95.4826401066143,14909,1,240
0,495,19,38546,9884.45,0.0,0.0,14467.45,5799.338,40.085419337892986,33091.1,10895.58,32.926013338934034,11648.61,11648.61,100.0,14611,1,240
0,495,20,21870,9852.27,9852.27,100.0,15128.11,7327.654,48.437339495812765,33888.21,25973.611,76.64497770758621,5680.3,1049.116,18.46937661743218,15269,1,240
0,495,21,22840,9876.57,9876.57,100.0,15992.52,4629.133,28.945613324229075,33192.54,21654.546,65.23919531316373,5718.15,5630.249,98.46277205040093,16143,1,240
0,495,22,34382,9969.92,9963.66,99.9372111310823,16111.04,9316.065,57.82410694778239,32889.05,26017.791,79.10776078968532,916.57,916.57,100.0,16255,1,240
0,495,23,39305,9971.71,9965.07,99.93341162147716,27395.87,11455.354,41.81416395975013,44903.3,27151.003,60.46549585442496,715.43,682.49,95.39577596690103,27553,1,240
0,495,24,51456,10392.43,5209.604,50.12883416101913,27372.26,9139.553,33.389837010170154,41858.37,16493.711,39.40361509537996,22289.47,10895.43,48.8815122118202,27524,1,240
0,495,25,58931,10544.51,10025.72,95.07999897577032,15475.06,9453.38,61.08784069334787,30815.32,24103.86,78.22037869475314,644.95,613.65,95.14691061322583,15617,1,240
0,495,26,,,,,,,,,,,620.82,589.42,94.94217325472759,,,
0,496,0,,,,,,,,,,,12185.5,12138.067,99.61074227565548,,,
0,496,1,561,10919.92,10919.92,100.0,15300.49,9436.591,61.67509014417186,33717.42,27772.321,82.36787096996153,22873.5,21504.631,94.01548079655497,15445,1,241
0,496,2,34523,10369.7,10164.156,98.01784043897123,15391.03,5301.408,34.44479024470747,30104.19,18029.006,59.888693235061304,717.19,0.0,0.0,15539,1,241
0,496,3,64881,10085.52,9876.336,97.92589772267567,14287.12,2846.727,19.92512836736865,28064.04,14960.543,53.30858636176402,721.52,0.0,0.0,14425,1,241
0,496,4,67899,10252.97,8197.016,79.94772246480777,15650.06,8214.709,52.489952115199564,30271.02,20374.88,67.30820434858158,703.94,669.259,95.07330170184957,15800,1,241
0,496,5,43044,10815.76,10807.48,99.92344504685755,14811.72,5832.981,39.38084840923269,29369.71,20377.691,69.38335788810988,5613.08,5502.896,98.03701354692967,14952,1,241
0,496,6,39248,10098.0,10098.0,100.0,16060.79,9266.336,57.69539356407748,35434.21,28514.714,80.47227241696655,777.69,744.649,95.75139194280496,16211,1,241
0,496,7,23675,10124.51,10118.029,99.93598702554495,14495.84,8343.818,57.56008620404198,31641.2,25417.457,80.33025612176529,752.62,708.3,94.11123807499136,14643,1,241
0,496,8,37999,10146.45,10146.45,100.0,13918.48,7789.716,55.96671475620902,33699.68,26866.962,79.72467987826592,770.37,738.748,95.89521918039384,14063,1,241
0,496,9,21634,9994.96,9994.96,100.0,14504.38,8425.58,58.0899011195239,34799.92,27968.866,80.3704893574468,646.92,615.0,95.06585049156001,14654,1,241
0,496,10,22495,10206.49,10206.49,100.0,14112.73,7976.608,56.52065900786028,34693.54,27893.904,80.40085848835258,771.02,545.213,70.71321107104873,14269,1,241
0,496,11,21891,10083.7,10083.7,100.0,13566.6,7457.939,54.97279347810063,32597.27,25996.862,79.75165404955692,692.47,599.368,86.55508541886292,13707,1,241
0,496,12,20447,12668.97,12648.729,99.84023168418585,16472.83,9852.815,59.81252158857949,38577.39,31052.677,80.49449949828126,752.42,718.799,95.53161797932006,16618,1,241
0,496,13,23680,10025.63,10007.589,99.82005120875198,29149.21,15544.595,53.327671659026095,45852.38,32185.723,70.19422546877611,19964.15,19604.941,98.20072980818115,29289,1,241
0,496,14,52311,10500.81,10500.81,100.0,16141.15,9711.764,60.16773278236061,30909.35,24479.964,79.19921965359997,707.68,676.58,95.60535835405834,16280,1,241
0,496,15,50712,10028.81,10028.81,100.0,15236.99,8943.904,58.69862748482476,29165.14,22852.673,78.35612309764328,741.68,612.518,82.58521195124582,15380,1,241
0,496,16,66712,10238.58,10207.28,99.69429354461265,16507.66,9752.565,59.07902755448077,31237.26,24169.539,77.37406866031144,740.54,374.733,50.60266832311557,16649,1,241
0,496,17,46164,10030.87,10018.45,99.87618222546998,16336.94,12989.33,79.50895332908121,30322.48,26962.45,88.91901322055452,705.93,549.789,77.88151799753517,16492,1,241
0,496,18,43503,10035.18,9803.456,97.6908834719457,15033.42,9801.214,65.1961696007961,28755.64,23118.447,80.39621792455324,5732.12,5664.859,98.82659469794771,15174,1,241
0,496,19,39586,9973.52,9717.255,97.4305460860358,15665.65,9045.736,57.74248754440448,32384.39,25431.169,78.5290968889641,659.42,628.159,95.25931879530498,15811,1,241
0,496,20,38953,10133.93,9884.525,97.53891136015346,14440.12,8012.331,55.486595679260276,31173.6,24418.501,78.33070611029846,679.27,663.529,97.68265932545232,14590,1,241
0,496,21,37872,10024.58,9772.174,97.48212892709721,14696.4,8202.529,55.81318554203751,32951.07,26095.912,79.19594720292847,5799.19,5493.547,94.72955705883062,14839,1,241
0,496,22,21797,10167.6,9917.515,97.54037334277508,15894.9,9146.542,57.54387885422368,34771.91,27678.363,79.59977752156841,5870.99,5710.275,97.26255708151436,16041,1,241
0,496,23,23796,10072.89,9837.506,97.6631929863227,15918.19,9107.896,57.21690719861995,32841.8,25721.061,78.31806112941435,5834.66,5799.738,99.40147326493747,16068,1,241
0,496,24,39705,10123.41,9898.625,97.77955254207822,16577.69,10032.5,60.51808183166654,33557.56,26716.124,79.61283239901829,5938.93,5881.15,99.02709747378736,16727,1,241
0,496,25,40219,10071.78,9823.276,97.53267049121406,15584.44,8849.41,56.78362520565384,32816.46,25773.084,78.53706341268985,602.89,569.748,94.50281145814328,15733,1,241
0,496,26,,,,,,,,,,,612.06,580.098,94.77796294480933,,,
0,497,0,,,,,,,,,,,12374.11,9405.31,76.00797148239347,,,
0,497,1,610,11003.43,8995.09,81.74805492469166,15535.16,7698.263,49.553805689803006,33755.06,23649.922,70.06333865204209,23300.42,19974.78,85.72712423209539,15680,1,242
0,497,2,34627,10380.68,10380.68,100.0,15807.35,9068.234,57.367199435705544,30699.47,23960.354,78.04810311057487,792.91,762.569,96.1734623097199,15955,1,242
0,497,3,65594,10510.89,10510.89,100.0,41891.98,21656.154,51.69522662810399,57191.79,36942.283,64.59368206520551,40533.55,28088.39,69.2966443847134,42060,1,242
0,497,4,98087,10973.38,10973.38,100.00000000000001,22740.8,9335.774,41.05297087173714,38168.06,22940.344,60.10351063166428,22476.28,977.817,4.350439663503035,22893,1,242
0,497,5,79062,10539.96,0.0,0.0,15496.99,9473.909,61.13386535062615,30838.83,11885.576,38.540943349666634,775.09,288.66,37.242126720767914,15658,1,242
0,497,6,95330,10101.48,10074.779,99.73567239652012,15630.23,7073.507,45.255296947005895,30159.66,20148.606,66.80647593507354,726.22,691.471,95.2150863374735,15770,1,242
0,497,7,70003,10028.57,0.0,0.0,15666.32,10355.677,66.10152862956967,29899.11,13238.936,44.27869592104915,702.77,670.71,95.43805227883945,15808,1,242
0,497,8,44218,10049.1,8340.586,82.99833815963618,15103.03,12930.709,85.61665440643368,28824.81,24935.875,86.5083759441953,691.02,691.02,100.0,15246,1,242
0,497,9,39907,10114.39,10112.87,99.98497190636313,15043.49,8417.859,55.95682251924254,31069.55,24416.718,78.58729205926704,695.97,679.709,97.66354871618029,15195,1,242
0,497,10,38018,10123.4,10106.4,99.83207222869787,14890.26,8400.174,56.41388397516229,32927.95,26351.861,80.0288539067874,11936.58,11936.58,100.0,15033,1,242
0,497,11,22117,9993.51,9993.51,100.0,15785.91,9061.296,57.40116344258899,34327.57,27500.913,80.11319472948419,5830.63,5705.389,97.85201599141088,15931,1,242
0,497,12,23684,10119.77,10119.77,100.0,16201.29,9308.351,57.454381718986575,34044.24,27079.36,79.54167870981993,11875.99,11875.99,100.0,16348,1,242
0,497,13,35272,10118.32,10112.5,99.94248056989699,15105.4,8485.427,56.174791796311254,32873.05,25949.932,78.93983673556302,5892.25,5848.009,99.24916627773771,15272,1,242
0,497,14,39521,10225.2,10225.2,100.0,16435.72,9690.085,58.95747189657647,34569.19,27515.51,79.59547215309354,5870.85,5551.237,94.55593312723029,16584,1,242
0,497,15,35541,10251.48,10003.975,97.58566567949214,15970.9,8969.68,56.16264581207071,33306.36,25985.232,78.01882883629433,805.46,788.92,97.94651503488689,16115,1,242
0,497,16,39985,10478.56,10244.615,97.76739361133592,15476.54,8840.709,57.12329112320971,32935.75,25995.034,78.92649780253979,741.33,576.57,77.77507992392053,15619,1,242
0,497,17,39645,10092.34,9896.936,98.06383851515109,20674.86,13527.977,65.43201259887613,39137.88,31684.932,80.95720054330997,769.36,746.82,97.07029219091193,20816,1,242
0,497,18,28337,10100.42,10026.739,99.27051548351454,16084.61,9075.508,56.423550213527086,30348.87,23263.647,76.6540797070863,5745.18,5681.458,98.8908615569921,16234,1,242
0,497,19,41094,10461.0,10247.376,97.95790077430456,16045.86,9366.386,58.37260202943314,35919.56,28926.801,80.53216965909382,5662.29,5578.009,98.51153861776773,16219,1,242
0,497,20,24367,10100.59,9872.786,97.74464659985209,15504.52,8835.109,56.984085931070425,32397.77,25430.095,78.49335000526271,624.75,601.089,96.21272509003603,15648,1,242
0,497,21,38953,10113.95,9861.944,97.50833255058606,14573.99,8024.478,55.06026832734207,31823.63,24949.391,78.39894757449103,731.63,700.07,95.68634419036945,14718,1,242
0,497,22,38283,9987.28,9763.316,97.7575075496031,14536.02,8018.909,55.16578127988266,32841.22,26006.843,79.18963729118468,653.08,619.98,94.93170821338886,14683,1,242
0,497,23,22060,9957.05,9721.085,97.63017158696601,14205.47,7725.063,54.380903975722035,32601.62,25765.085,79.0300758060489,588.98,556.26,94.44463309450235,14351,1,242
0,497,24,21415,9905.71,9683.786,97.75963560411117,14547.12,8093.411,55.63583032242808,33416.12,26629.003,79.68909316820744,689.6,627.158,90.9451856148492,14688,1,242
0,497,25,22130,10219.77,10009.266,97.94022761764697,35052.69,21727.946,61.98652942185036,54062.82,40407.85,74.74240152474474,11950.94,11813.719,98.8517974318338,35201,1,242
0,497,26,,,,,,,,,,,605.17,572.01,94.52054794520548,,,
0,498,0,,,,,,,,,,,12133.24,9870.241,81.34876586962757,,,
0,498,1,549,11050.93,9653.341,87.35320013790695,16169.97,8578.138,53.04980776092968,34086.42,24851.688,72.90788531033766,24237.61,21424.938,88.39542347615956,16310,1,243
0,498,2,34889,11054.84,11054.84,100.0,16778.2,10098.568,60.18862571670381,32355.25,25675.618,79.35533800542416,658.03,606.817,92.21722413871709,16921,1,243
0,498,3,67512,10085.05,10065.21,99.80327316175924,14290.0,7909.711,55.35137158852344,28572.55,22172.421,77.60042768321343,658.53,613.649,93.18466888372588,14430,1,243
0,498,4,71468,10039.15,10039.15,100.0,15951.77,9865.206,61.84395838204788,29996.98,22896.437,76.329140466807,647.96,581.98,89.81727267115254,16094,1,243
0,498,5,44371,9947.51,9947.51,100.0,14129.65,11968.008,84.70137618412346,27581.26,25419.618,92.16264231583328,684.39,633.593,92.5777699849501,14274,1,243
0,498,6,38878,10077.88,10072.16,99.9432420310621,14432.34,8298.3,57.497952514976774,31044.72,24835.06,79.99769364967698,715.9,692.499,96.73124738091914,14579,1,243
0,498,7,37418,10130.66,10122.08,99.91530660391327,14433.67,7906.858,54.780648303584606,33780.62,26577.794,78.67763824346623,865.83,720.827,83.2527170460714,14581,1,243
0,498,8,21758,9996.78,9988.3,99.91517268560474,20156.79,13035.828,64.67214273701319,39094.15,31863.806,81.50530450208024,705.36,688.18,97.56436429624588,20306,1,243
0,498,9,28108,10138.22,10136.38,99.98185085744835,15218.96,8599.95,56.50813196171093,29648.29,22781.515,76.83922074426552,707.73,674.59,95.31742331114972,15365,1,243
0,498,10,38827,10294.85,10286.87,99.92248551460197,14370.25,7790.839,54.21505540961361,32712.46,25799.824,78.86849231149232,713.18,681.44,95.54951064247456,14520,1,243
0,498,11,21666,10108.9,10108.9,100.0,14243.52,8157.475,57.27148204938105,33214.3,26798.19,80.6826878784138,740.69,716.57,96.74357693502004,14389,1,243
0,498,12,21628,10097.83,9566.54,94.7385725447943,15836.18,9155.364,57.8129574177611,35190.88,27620.687,78.4881963736059,6022.79,5982.168,99.3255285341179,15987,1,243
0,498,13,23285,10200.66,10200.66,100.0,16069.71,9510.0,59.17966161181503,35652.46,28714.524,80.54009176365389,694.16,670.979,96.66056816872192,16222,1,243
0,498,14,24525,10115.42,10109.219,99.93869755284506,15459.43,8504.066,55.00892335616514,32781.18,25749.314,78.54907602471906,659.57,626.029,94.91471716421304,15608,1,243
0,498,15,39682,10224.37,10215.609,99.91431256889177,14471.93,7874.318,54.41097351908142,32982.44,26274.163,79.66106510009567,698.64,666.8,95.4425741440513,14612,1,243
0,498,16,21793,9996.29,9984.37,99.8807557603871,14240.98,7932.471,55.701721370298955,32582.78,26150.508,80.25867651563189,652.82,628.22,96.23173309641248,14407,1,243
0,498,17,21461,10068.74,6694.933,66.49226218970796,14501.53,7216.921,49.766617729301664,33110.36,22323.362,67.42107908219663,6027.63,5915.827,98.14515821309537,14642,1,243
0,498,18,21551,9974.8,9966.039,99.9121686650359,16637.05,9616.508,57.80176173059527,34904.82,27770.813,79.5615419303122,752.5,719.22,95.57740863787376,16784,1,243
0,498,19,24179,10106.98,10100.62,99.93707319100267,14668.03,7920.639,53.999337334325055,31924.83,25100.419,78.62350089256545,839.31,839.31,100.0,14811,1,243
0,498,20,38802,9994.19,9982.329,99.88132104752862,14447.19,8283.007,57.33299693573629,33543.79,27258.824,81.26339927599118,2547.05,1972.948,77.46012053159538,14596,1,243
0,498,21,22414,10404.2,10395.92,99.9204167547721,124331.36,111832.036,89.94676483873417,160793.99,145292.576,90.35945684288325,110491.17,108922.638,98.58040058766687,124508,1,243
0,498,22,141043,10563.92,10530.459,99.68325205037526,18138.94,11104.087,61.21684618836603,33397.61,26231.606,78.54336283344826,737.18,704.32,95.54247266610598,18290,1,243
0,498,23,150148,10086.73,10075.009,99.88379782149418,17193.36,10875.534,63.25426792668797,32102.18,25772.633,80.28312407443981,663.86,598.494,90.1536468532522,17338,1,243
0,498,24,162263,10135.81,10128.71,99.92995133097403,15853.01,9396.704,59.27394229865496,30441.19,23750.98,78.02250831849872,695.59,623.245,89.59947670323035,15997,1,243
0,498,25,48927,10125.12,10110.739,99.85796711545146,27460.76,19472.837,70.91150062853323,41836.19,33833.886,80.87229262511714,9384.87,9179.545,97.81217001407585,27606,1,243
0,498,26,,,,,,,,,,,616.99,565.57,91.66599134507854,,,
0,499,0,,,,,,,,,,,12813.4,12765.578,99.62678133828649,,,
0,499,1,637,11362.64,11362.64,100.0,15032.41,8930.324,59.40713431844927,33793.79,27619.924,81.73076769430122,23392.49,21678.996,92.67502518970832,15181,1,244
0,499,2,34715,10441.46,10441.46,100.0,15595.99,8954.119,57.412956792098484,30393.43,23751.559,78.14701729946242,673.06,628.219,93.3377410632039,15738,1,244
0,499,3,65362,10117.96,10117.96,100.0,15388.64,8709.962,56.59994645400763,29749.74,23071.062,77.55046598726577,688.29,564.359,81.99436284124425,15527,1,244
0,499,4,70173,10015.53,10015.53,100.0,16179.68,9537.79,58.94918811744114,29927.82,22066.84,73.73353622148223,697.49,595.908,85.43606359947813,16317,1,244
0,499,5,43877,10392.79,1512.135,14.549846576328395,15305.65,13518.355,88.32264555899292,30274.18,19450.25,64.24699199119513,5627.66,5491.156,97.57440925713351,15443,1,244
0,499,6,41832,10357.12,10355.42,99.98358617067292,15658.84,8910.045,56.901053973346684,30401.3,23650.785,77.79530809537751,675.16,641.658,95.03791693820725,15796,1,244
0,499,7,39609,10116.82,10110.74,99.93990206408733,14521.3,7860.03,54.1275918822695,30888.43,24149.057,78.18156183399415,12012.25,9838.72,81.90572124289787,14663,1,244
0,499,8,37288,10074.06,10062.1,99.88127924590484,15127.52,4244.111,28.055563635017503,33973.67,21352.597,62.85042799320769,653.78,621.5,95.06255927070269,15278,1,244
0,499,9,22723,10074.42,8996.85,89.303900373421,15876.45,9535.018,60.05761993392729,33520.3,25671.742,76.58565704960873,5601.51,5520.248,98.54928403234126,16027,1,244
0,499,10,34613,10179.13,9811.383,96.38724527538209,15654.08,8931.162,57.05325384819805,34800.25,27369.019,78.64604133590994,5664.35,5548.725,97.95872430199404,15806,1,244
0,499,11,23054,10068.43,10062.57,99.94179827440823,15696.76,9066.605,57.76099653686493,32498.65,25799.533,79.38647605362068,5757.15,5627.566,97.74916408292297,15839,1,244
0,499,12,38870,10169.42,10163.24,99.93922957258133,15867.65,9248.821,58.287276313757864,32857.25,26168.338,79.64250812225612,5824.92,5824.92,100.0,16010,1,244
0,499,13,39317,10089.15,9993.546,99.05240778460029,15031.51,8214.15,54.64620653547115,31632.65,24452.926,77.30280580349734,786.75,786.75,100.0,15179,1,244
0,499,14,38177,10609.28,10609.28,100.0,15692.71,8984.697,57.253954224604925,33980.98,27180.086,79.9861746188603,676.15,643.869,95.22576351401317,15844,1,244
0,499,15,28559,10194.74,10178.239,99.83814202225852,14783.42,8135.206,55.029255747316924,32722.58,25981.182,79.39832983829515,671.43,653.49,97.32809079129619,14931,1,244
0,499,16,22102,10069.16,10057.339,99.8826019250861,14916.01,8249.398,55.305661500629185,33240.63,26448.495,79.56676813887103,12013.39,12013.39,100.0,15061,1,244
0,499,17,21977,10060.81,10053.75,99.92982672369322,15268.36,8555.626,56.03500310445915,33926.55,26889.231,79.2571923758826,681.17,681.17,100.0,15415,1,244
0,499,18,23125,10136.84,10136.84,100.0,15486.67,8536.412,55.12102989215887,32909.79,25881.471,78.64368323225399,697.43,652.59,93.57068092855198,15631,1,244
0,499,19,34150,10147.35,10131.57,99.84449141894189,13978.61,7676.783,54.91807125315035,31845.58,25450.493,79.91844708119619,675.39,650.67,96.33989250655176,14124,1,244
0,499,20,21039,10121.41,10101.849,99.80673641320726,15251.17,8630.035,56.586052086495656,35226.61,27898.56,79.19740219112767,5642.3,5301.446,93.95895290927459,15396,1,244
0,499,21,22885,10095.61,10086.79,99.91263529395451,15654.19,8494.409,54.26284592176279,33886.73,26625.908,78.5732586177539,716.19,684.03,95.50957148242784,15803,1,244
0,499,22,23059,10110.65,10104.69,99.94105225677875,14085.75,4472.356,31.75092558081749,30710.91,19562.72,63.69957777219887,736.34,669.365,90.90433767009804,14227,1,244
0,499,23,37138,10009.38,10009.38,100.0,17920.84,11048.998,61.654464857674085,37230.99,30048.142,80.70734084696647,679.76,647.4,95.23949629280922,18066,1,244
0,499,24,25549,10286.17,10286.17,100.0,15330.56,8699.27,56.74463294230609,32517.36,25839.569,79.4639201952434,5810.45,5731.168,98.63552736879242,15481,1,244
0,499,25,39743,10077.11,10077.11,100.0,15637.64,9031.91,57.75750049240167,34886.43,27937.452,80.08114329841145,615.54,597.469,97.06420378854341,15786,1,244
0,499,26,,,,,,,,,,,606.53,563.349,92.88064893739799,,,
0,500,0,,,,,,,,,,,12261.63,11252.624,91.77102881101452,,,
0,500,1,551,11012.72,10886.444,98.85336229378392,15344.42,9318.139,60.726563793222546,33311.94,26906.952,80.77269591623904,23100.47,21566.385,93.35907451233676,15489,1,245
0,500,2,34130,10411.79,10411.79,100.0,15716.07,9072.878,57.72994139120022,30196.54,23546.088,77.9761124950077,667.79,598.37,89.60451638988305,15862,1,245
0,500,3,64600,10370.14,10349.979,99.80558603837557,15214.83,8695.041,57.14845975932692,29798.6,23258.65,78.05282798520736,719.91,646.675,89.8272006223,15356,1,245
0,500,4,69874,10190.96,10190.96,100.0,15400.11,12114.978,78.66812639649974,29560.06,26258.728,88.83178180287861,5986.52,5843.815,97.61622779177218,15543,1,245
0,500,5,43877,11018.08,11018.08,100.0,15573.44,10008.284,64.26508208847883,30818.99,25110.211,81.47642411383372,5806.8,5616.42,96.72143004753048,15747,1,245
0,500,6,41793,10312.87,10307.33,99.94628071526161,16481.35,9656.253,58.58896874345852,34409.12,27268.797,79.24874858758375,684.48,661.659,96.66593618513323,16643,1,245
0,500,7,41216,10162.9,10156.54,99.93741943736534,15121.22,8229.164,54.42129669431435,32860.09,25667.569,78.11168198261174,679.29,663.93,97.73881552797775,15270,1,245
0,500,8,39451,10218.57,9981.166,97.67673950464693,14953.93,8230.378,55.03822740911587,33854.87,26794.932,79.14646253256917,775.41,743.67,95.90668162649438,15101,1,245
0,500,9,22455,10171.02,9929.716,97.62753391498592,15564.17,8876.757,57.033282211643794,34095.52,27065.823,79.38234407335626,737.94,722.48,97.90497872455755,15717,1,245
0,500,10,23043,10389.22,10240.057,98.56425217677555,15876.83,9135.911,57.5424124337163,36042.16,29042.717,80.57984593598164,5768.3,5647.736,97.9098867950696,16038,1,245
0,500,11,24392,10452.55,10253.906,98.09956422117092,15713.31,9024.677,57.43332881487096,34984.06,27995.222,80.02279323783462,5592.95,5436.786,97.20784201539438,15856,1,245
0,500,12,23672,10418.76,10188.236,97.78741424123409,15876.04,9205.384,57.9828723031688,32992.0,26029.04,78.89500484966052,5716.26,5636.314,98.60142820655463,16017,1,245
0,500,13,39555,10237.83,10005.445,97.73013421789578,15550.35,8946.034,57.52947039777239,32514.53,25605.669,78.75146588309904,5932.72,5805.935,97.8629532490999,15689,1,245
0,500,14,39011,10146.2,9896.855,97.5424789576393,15944.96,9234.827,57.91690289596211,33059.03,26038.811,78.76459472646354,5729.75,5303.342,92.55799991273615,16089,1,245
0,500,15,39564,10006.7,9751.195,97.446660737306,15706.07,8706.233,55.43228191393519,32774.88,25448.117,77.6451874118227,5714.33,5621.363,98.37309010855166,15847,1,245
0,500,16,39553,10207.44,9956.175,97.5384131574616,15686.52,8890.306,56.674813789164205,32586.5,25465.359,78.14695963052183,674.76,628.479,93.14111684154366,15830,1,245
0,500,17,39058,10061.81,9830.606,97.70216293092396,28295.3,14800.385,52.30686721823059,45294.58,31506.5,69.55909515001574,20252.02,20151.234,99.50234100104582,28436,1,245
0,500,18,51791,10720.79,10720.79,99.99999999999999,27414.06,20494.301,74.75835757271997,42540.79,35621.031,83.73382581752713,29114.12,28621.348,98.30744669596747,27557,1,245
0,500,19,61740,10516.86,10283.035,97.7766652784196,14828.79,8680.708,58.5395571722305,29912.02,23530.113,78.66440648274506,690.87,592.155,85.71149420296149,14974,1,245
0,500,20,78952,10159.26,10151.1,99.91967918923228,15386.75,8934.879,58.06865647391425,29852.75,23373.879,78.29723894783562,692.01,501.576,72.48103351107643,15530,1,245
0,500,21,75468,10063.6,10049.08,99.85571763583607,14253.47,12613.877,88.49688531985545,28342.5,26688.387,94.16384228631912,5674.72,5573.46,98.21559477824457,14393,1,245
0,500,22,42588,10052.63,9806.505,97.55163574109461,15960.71,9271.641,58.09040449954921,30029.95,23094.756,76.90574243380358,649.75,649.75,100.0,16101,1,245
0,500,23,39610,10315.57,10086.946,97.78369978585769,14941.42,8319.089,55.67803461786095,31605.65,24683.695,78.09899495817994,5817.92,5728.08,98.455805511248,15083,1,245
0,500,24,38092,10335.55,10079.785,97.52538568339374,15598.34,8938.59,57.30475165947146,34265.65,27271.194,79.5875578020554,580.7,565.319,97.35130015498534,15741,1,245
0,500,25,23302,10085.04,9838.476,97.5551509959306,14880.74,8397.631,56.43288573014514,31522.26,24730.426,78.45384816951577,645.28,601.259,93.17800024795439,15023,1,245
0,500,26,,,,,,,,,,,605.62,560.839,92.60575938707441,,,
0,501,0,,,,,,,,,,,12333.49,6443.2,52.24149855393729,,,
0,501,1,555,11040.31,6041.24,54.71984029433956,17129.26,7200.96,42.03894388899462,35251.19,20074.188,56.94612862714705,24965.03,19213.96,76.9634965389587,17273,1,246
0,501,2,36073,10538.01,10334.366,98.0675288787921,15526.93,5184.462,33.390129278614644,30121.22,18098.358,60.08507623529193,688.75,0.0,0.0,15676,1,246
0,501,3,66455,10108.76,4556.83,45.07803133124142,15692.49,3590.567,22.880798394646103,30514.73,10947.097,35.87479554955918,674.2,0.0,0.0,15836,1,246
0,501,4,72255,10265.6,5177.665,50.437042160224436,15031.31,5019.724,33.395119919687644,29415.57,12890.359,43.8215509677358,1067.49,0.0,0.0,15178,1,246
0,501,5,43156,10083.48,5477.4,54.32053219721763,15817.13,2550.581,16.125434892423595,29826.21,10551.291,35.375902603783715,747.44,747.44,99.99999999999999,15963,1,246
0,501,6,40316,10161.77,9889.946,97.32503294209572,15536.86,3227.708,20.774519433141574,32081.76,18551.644,57.82614170793622,628.99,596.53,94.83934561757738,15677,1,246
0,501,7,39537,10161.87,10144.709,99.83112360225037,15806.68,5348.325,33.83585294318605,34656.13,22703.963,65.51211286430424,5668.97,5536.988,97.67185220595628,15973,1,246
0,501,8,23799,10189.95,0.0,0.0,16624.56,9669.744,58.16541309965496,35703.63,17367.457,48.64339284268855,5789.52,5695.315,98.37283574458677,16768,1,246
0,501,9,24261,10263.59,10257.169,99.93743904423306,16111.51,9312.273,57.79888415176479,33845.33,26967.05,79.67731441826686,6179.03,5999.305,97.09137194672951,16254,1,246
0,501,10,40416,10261.1,10255.24,99.94289111303856,16947.14,10040.524,59.24612648505883,35630.36,28648.083,80.40357436747762,734.65,647.706,88.16524875791193,17126,1,246
0,501,11,42222,10646.34,10640.78,99.9477754796484,16623.73,9828.352,59.12242318661336,34474.45,27391.305,79.45392892417429,716.28,618.358,86.32908918300106,16777,1,246
0,501,12,41496,10195.58,10175.22,99.80030562263254,16213.8,9378.083,57.84013001270523,32644.69,25547.288,78.25863256780812,708.25,651.13,91.93505118249206,16355,1,246
0,501,13,39506,10235.87,10235.87,100.0,16426.53,9530.274,58.017572792306105,33334.64,26152.018,78.45297864323719,6120.22,6054.682,98.92915614144589,16568,1,246
0,501,14,39944,10429.28,10429.28,100.0,16355.21,9686.198,59.22392925557055,34085.47,27140.733,79.62552078642307,5881.05,5735.487,97.52488076108857,16501,1,246
0,501,15,40835,10356.67,10137.585,97.88459997277116,16141.06,9243.563,57.267385165534364,34004.28,26815.696,78.85976706461658,698.67,698.67,100.0,16293,1,246
0,501,16,40979,10297.34,10094.475,98.02992811735847,15825.82,9039.744,57.12022504995002,33210.17,26149.847,78.74047919658346,6109.75,5964.283,97.6191006178649,16005,1,246
0,501,17,39925,10245.19,10005.625,97.66168318986763,16106.63,9311.452,57.81129882539054,35020.54,27900.336,79.66849169087627,5823.31,5676.69,97.48218796526373,16264,1,246
0,501,18,24077,10356.31,10132.606,97.8399256105698,16076.82,9248.587,57.527465008627324,34041.61,26918.592,79.0755548870926,6130.84,6035.444,98.44399788609718,16226,1,246
0,501,19,41031,10569.52,10352.076,97.94272587591487,17016.81,10167.291,59.748513381767786,35255.21,28124.546,79.77415536597285,617.04,595.06,96.4378322312978,17165,1,246
0,501,20,41943,10123.04,9911.356,97.90888902938246,15011.67,8279.475,55.15359050658588,31949.88,24944.339,78.07334174651047,625.72,609.619,97.42680432142173,15147,1,246
0,501,21,38845,10358.51,10121.724,97.71409208467242,14833.36,8233.406,55.506008079086605,32960.05,26030.369,78.9755142968533,5675.43,5594.629,98.57630170753582,14972,1,246
0,501,22,21820,10091.95,9858.985,97.69157595905646,15828.55,9163.976,57.89523361268089,33933.31,26936.809,79.38161352370282,5622.38,5485.959,97.57360761812613,15968,1,246
0,501,23,23071,10212.44,9985.376,97.77659403629299,16357.33,9523.736,58.22304740443582,33331.58,26209.042,78.63126200438143,696.37,680.67,97.7454514123239,16498,1,246
0,501,24,39791,10115.78,9876.116,97.630790705215,15405.16,8675.344,56.314533571868125,32531.72,25499.34,78.3830058785702,623.52,520.419,83.4646843725943,15546,1,246
0,501,25,38951,10267.28,10042.576,97.81145541954635,16511.04,9741.047,58.99717401205496,35134.77,28045.151,79.82164391569947,597.02,551.679,92.40544705370003,16655,1,246
0,501,26,,,,,,,,,,,635.05,517.805,81.53767419888197,,,
0,502,0,,,,,,,,,,,12372.04,10319.252,83.40784543211952,,,
0,502,1,549,11127.51,9936.572,89.29735403517947,16276.92,8384.339,51.51059905682402,34985.2,25661.668,73.35006802876646,24934.64,21746.64,87.21457378169487,16434,1,247
0,502,2,35798,11489.0,11489.0,100.0,16278.91,10375.252,63.73431636393346,32062.93,26159.272,81.58727851759026,761.42,600.391,78.85148800924588,16429,1,247
0,502,3,68156,10240.72,10240.72,100.0,15244.18,12866.612,84.40343790220267,29018.62,26641.052,91.80675028654017,739.47,714.829,96.66774852259049,15393,1,247
0,502,4,71611,10512.71,9333.626,88.78420502420404,14609.29,9035.563,61.848063800499546,29138.25,22385.439,76.82492599933077,700.39,669.13,95.53677236967975,14755,1,247
0,502,5,40456,10297.58,10289.02,99.91687367323196,15200.79,8141.428,53.559242644625705,34211.01,27048.806,79.06462276325662,650.99,626.41,96.22421235349238,15352,1,247
0,502,6,22846,10754.08,10754.08,100.0,15026.39,8318.317,55.35805339805502,34674.39,27849.076,80.31597960339029,687.91,616.491,89.61797328138856,15173,1,247
0,502,7,22765,10370.68,10370.68,100.0,14108.95,7828.785,55.48807671726102,33209.86,26603.247,80.10647139132774,629.65,583.168,92.61780354165013,14261,1,247
0,502,8,21763,10279.28,10279.28,100.0,14495.78,7812.181,53.89279500654673,34429.54,27152.131,78.86289215598,702.68,669.819,95.32347583537315,14637,1,247
0,502,9,21926,10182.56,10182.56,100.0,14481.93,7389.987,51.02902030323306,33573.71,26360.203,78.51441797763788,705.98,683.3,96.78744440352418,14633,1,247
0,502,10,22001,10213.94,10213.94,100.0,14637.11,8036.896,54.907669615108446,34657.91,27685.588,79.88245107682488,665.54,633.699,95.21576464224539,14780,1,247
0,502,11,22604,10479.39,10223.405,97.5572528553666,14887.5,8218.104,55.20137027707808,33549.99,26533.627,79.08684026433392,5717.12,5628.475,98.44948155714766,15029,1,247
0,502,12,22218,10173.4,9942.976,97.73503450173985,15880.06,9193.969,57.896311474893665,34713.96,27698.282,79.79003835920764,5869.12,5742.288,97.83899460225723,16032,1,247
0,502,13,23484,10180.36,9999.976,98.22811766970914,16106.97,9349.011,58.04326325808021,33683.48,26682.477,79.21532157603666,5750.8,5652.94,98.29832371148362,16256,1,247
0,502,14,40211,10310.34,10091.496,97.87743178207506,15652.26,8916.627,56.967025848024505,33188.55,26164.051,78.83457095896024,5922.2,5841.961,98.64511499105062,15795,1,247
0,502,15,39844,10313.5,10097.015,97.90095505890338,16757.25,10089.419,60.209276581778035,34343.64,27388.403,79.74810765544945,738.17,706.61,95.72456209274287,16913,1,247
0,502,16,40867,10314.76,10106.556,97.98149447975523,14926.5,8142.603,54.551321475228626,32793.61,25740.769,78.49324609276015,688.7,608.369,88.33585015246115,15073,1,247
0,502,17,39503,10339.57,10099.106,97.67433268501495,26339.31,13315.491,50.55368193016446,45413.06,32042.395,70.55766557021262,657.78,612.353,93.09389157469063,26486,1,247
0,502,18,34125,10301.32,10301.32,100.0,15107.14,8713.929,57.68086480961983,30073.68,23450.684,77.9774340885452,795.82,493.19,61.97255660827825,15248,1,247
0,502,19,46959,10220.38,10220.38,100.0,15430.31,13644.897,88.4291825634093,29538.93,27753.517,93.95572893127816,5738.61,5662.123,98.66715110453576,15575,1,247
0,502,20,43991,10183.39,9951.746,97.72527616049271,16307.07,9619.261,58.98828544919474,30559.02,23629.086,77.32278718362042,738.73,671.126,90.84861857512216,16447,1,247
0,502,21,40852,10286.62,10061.216,97.8087651726223,19830.21,12928.067,65.19379774596436,36707.24,29508.473,80.38869988590808,655.86,632.7,96.46875857652549,19972,1,247
0,502,22,43206,10254.99,10053.326,98.03350368942338,15027.9,8281.665,55.10859800770567,31721.21,24742.471,77.99977050055783,623.29,592.03,94.98467807922476,15181,1,247
0,502,23,38877,10298.86,10066.516,97.74398331465812,15097.49,8328.717,55.16623624191836,34014.88,26923.842,79.15312945393312,12250.13,12014.605,98.07736734222414,15238,1,247
0,502,24,22736,10347.12,10124.035,97.84398943860707,15348.19,8624.038,56.18928355721424,35083.08,28037.201,79.91658942145331,6073.67,5888.348,96.94876409156244,15491,1,247
0,502,25,23620,10564.61,10329.085,97.77062286255715,16007.05,9274.373,57.939301745168535,35063.57,28018.967,79.9090537557927,739.77,598.217,80.86526893493924,16153,1,247
0,502,26,,,,,,,,,,,759.65,640.557,84.3226485881656,,,
0,503,0,,,,,,,,,,,12863.83,12606.269,97.99778914988771,,,
0,503,1,619,11448.39,11448.39,100.0,14906.12,9012.804,60.46378266108149,33749.7,27774.001,82.2940677991212,20688.41,19095.87,92.30226005768448,15055,1,248
0,503,2,34635,10514.84,10514.84,100.0,13522.88,7184.834,53.13094547906955,28197.24,21859.194,77.52245964498653,669.36,493.011,73.65408748655433,13666,1,248
0,503,3,63077,10309.88,10164.621,98.59106992515916,14671.65,8013.355,54.61795367255898,29857.42,22961.14,76.90262587993203,753.6,421.842,55.976910828025474,14813,1,248
0,503,4,67678,10160.09,10160.09,100.0,14946.15,12974.427,86.8078200740659,29720.54,27748.817,93.36579012359802,729.75,712.029,97.5716341212744,15097,1,248
0,503,5,42639,10398.86,10397.14,99.98345972539298,14947.97,7991.45,53.461774408163784,29649.29,22682.81,76.50372066245093,646.4,621.819,96.1972462871287,15093,1,248
0,503,6,38928,10248.79,10232.77,99.84368886473426,15061.66,8274.285,54.936076103165256,34236.66,27126.658,79.23278146875307,752.84,752.84,100.0,15214,1,248
0,503,7,23062,10206.34,10197.6,99.91436695230611,15131.7,8329.085,55.04394747450715,33889.28,26761.219,78.96662012294153,682.65,682.65,100.0,15314,1,248
0,503,8,22763,10199.29,10183.91,99.849205189773,15157.31,8355.974,55.128344013548585,33222.53,26132.17,78.65797698128348,730.37,697.59,95.51186384982954,15301,1,248
0,503,9,22308,10240.33,10222.889,99.82968322309925,14143.8,7382.326,52.19478499413171,32744.59,25680.589,78.42696763037802,698.12,653.759,93.64564831261102,14292,1,248
0,503,10,21852,10370.43,10370.43,100.0,15622.55,9258.439,59.26330208576705,35180.88,28499.844,81.00946877963257,12059.08,12059.08,100.0,15779,1,248
0,503,11,23420,10815.68,10815.68,100.0,15319.34,8496.906,55.46522239208739,36382.87,28866.661,79.3413521253271,774.52,696.367,89.90949233073387,15466,1,248
0,503,12,23372,10520.19,10520.19,100.0,16455.11,9607.314,58.38498800676507,34692.6,27767.064,80.03742584874007,722.68,676.339,93.5876183096253,16596,1,248
0,503,13,35644,10174.06,10154.88,99.81148135552571,26020.04,9461.393,36.361946407461325,42673.65,24572.122,57.581486467644545,750.66,620.332,82.63821170703115,26162,1,248
0,503,14,49540,10674.16,4472.458,41.899859098982965,14642.93,7065.635,48.25287698568524,29439.95,13971.998,47.459312940409205,741.48,0.0,0.0,14780,1,248
0,503,15,46345,10225.65,0.0,0.0,14696.34,5229.092,35.580913343050035,28816.14,7583.632,26.31730689814805,641.53,0.0,0.0,14846,1,248
0,503,16,42530,10218.17,3461.602,33.876927081855165,14470.77,4207.734,29.07747134395751,28764.68,10223.626,35.5422900585023,696.63,0.0,0.0,14613,1,248
0,503,17,38540,10264.12,0.0,0.0,26410.71,2133.48,8.07808650354345,44632.9,3947.76,8.84495517880308,787.52,0.0,0.0,26558,1,248
0,503,18,33670,10707.89,0.0,0.0,16816.26,0.0,0.0,31599.69,0.0,0.0,695.48,0.0,0.0,16956,1,248
0,503,19,49337,10454.72,0.0,0.0,15814.84,0.0,0.0,30551.22,0.0,0.0,681.91,0.0,0.0,15956,1,248
0,503,20,45470,10317.94,0.0,0.0,15400.78,0.0,0.0,30068.73,0.0,0.0,5969.99,0.0,0.0,15546,1,248
0,503,21,42394,10671.02,4798.259,44.965326651060536,15734.12,1898.063,12.063356577933815,30549.77,9102.902,29.796957554835927,712.72,0.0,0.0,15881,1,248
0,503,22,40337,10411.21,941.341,9.041609956959855,24195.91,2140.264,8.84556108863027,41769.82,8662.114,20.737733607662182,749.47,0.0,0.0,24339,1,248
0,503,23,48555,10275.82,0.0,0.0,15258.2,0.0,0.0,29685.39,0.0,0.0,6747.49,0.0,0.0,15404,1,248
0,503,24,44668,10430.12,4243.946,40.68933051585216,15703.49,2371.755,15.103362373587018,31025.09,9034.4,29.11965767061433,614.65,571.029,92.90311559424063,15847,1,248
0,503,25,42620,10378.48,10077.418,97.09917059145462,14351.91,7521.474,52.407477471639666,31852.32,24471.19,76.82702547255585,634.7,0.0,0.0,14492,1,248
0,503,26,,,,,,,,,,,635.31,0.0,0.0,,,
0,504,0,,,,,,,,,,,12759.5,12617.771,98.8892276343117,,,
0,504,1,576,11333.68,11333.68,100.0,15900.0,8786.6,55.26163522012579,34614.61,27425.186,79.23008810441603,24022.84,21393.691,89.05562789412076,16046,1,249
0,504,2,35450,10604.74,10604.74,100.0,15012.4,8304.807,55.319649090085534,30237.72,23530.127,77.81713369923393,719.32,0.0,0.0,15161,1,249
0,504,3,65961,10263.75,10262.15,99.98441115576665,16545.64,10504.998,63.49103449609686,30264.92,24205.478,79.9786617641811,5773.62,5589.002,96.80238741032491,16683,1,249
0,504,4,71039,10313.47,8565.675,83.05327886734533,14344.15,12082.702,84.2343533775093,28827.46,24818.217,86.09227798772422,729.02,696.299,95.51164577103508,14488,1,249
0,504,5,42661,11153.64,11147.52,99.94513002033418,14951.65,7955.448,53.20782656094813,33224.03,26152.308,78.7150384826886,828.33,794.61,95.92915866864655,15110,1,249
0,504,6,39869,10403.57,10403.57,100.0,15114.9,5291.93,35.011346419757984,34613.85,23213.975,67.06556768461179,6087.49,5399.788,88.70302867027296,15265,1,249
0,504,7,22803,10242.23,23.172,0.22623979348247406,16463.0,8772.106,53.28376359108303,37385.84,19183.078,51.311079274934045,741.34,0.0,0.0,16630,1,249
0,504,8,25290,10508.75,10502.81,99.94347567503272,16414.27,4523.061,27.555663456248737,33986.69,20793.011,61.179864823552975,6154.5,0.0,0.0,16566,1,249
0,504,9,40877,10323.24,0.0,0.0,16223.3,2331.804,14.373179316168722,33980.07,3912.299,11.513510713780166,769.01,0.0,0.0,16373,1,249
0,504,10,40854,10310.48,0.0,0.0,16486.99,0.0,0.0,37349.71,0.62,0.001659986115019367,708.73,0.0,0.0,16651,1,249
0,504,11,44428,10262.79,0.0,0.0,15269.23,0.0,0.0,37032.33,0.0,0.0,706.52,0.0,0.0,15420,1,249
0,504,12,46523,10292.9,0.0,0.0,15355.37,0.0,0.0,37497.22,0.0,0.0,677.7,0.0,0.0,15495,1,249
0,504,13,50401,10201.02,0.0,0.0,15115.42,0.0,0.0,36360.39,0.0,0.0,19643.05,0.0,0.0,15260,1,249
0,504,14,56582,10638.17,0.0,0.0,14863.99,0.0,0.0,36014.67,0.0,0.0,23533.63,0.0,0.0,15007,1,249
0,504,15,59860,10698.05,0.0,0.0,15949.61,0.0,0.0,31096.06,0.0,0.0,646.76,0.0,0.0,16093,1,249
0,504,16,75629,10621.92,0.0,0.0,14937.7,0.0,0.0,41518.09,0.0,0.0,28296.56,0.0,0.0,15081,1,249
0,504,17,82115,10596.86,0.0,0.0,14649.6,0.0,0.0,30331.5,0.0,0.0,671.63,0.0,0.0,14815,1,249
0,504,18,59952,10242.57,0.0,0.0,14802.73,0.0,0.0,39915.6,0.0,0.0,24608.03,0.0,0.0,14946,1,249
0,504,19,84492,10781.63,0.0,0.0,15928.86,0.0,0.0,31408.86,0.0,0.0,652.45,0.0,0.0,16078,1,249
0,504,20,58162,10335.64,0.0,0.0,14533.59,0.0,0.0,29551.8,0.0,0.0,671.42,0.0,0.0,14673,1,249
0,504,21,71877,10329.27,0.0,0.0,15522.53,0.0,0.0,35923.05,0.0,0.0,665.71,0.0,0.0,15690,1,249
0,504,22,50355,10285.92,0.0,0.0,14458.38,0.0,0.0,33940.83,0.0,0.0,684.58,0.0,0.0,14608,1,249
0,504,23,54781,10240.07,0.0,0.0,14834.45,0.0,0.0,34174.25,0.0,0.0,17072.17,0.0,0.0,14977,1,249
0,504,24,55304,10502.49,0.0,0.0,27210.37,0.0,0.0,47500.13,0.0,0.0,30607.97,0.0,0.0,27359,1,249
0,504,25,69969,10695.03,0.0,0.0,15466.52,0.0,0.0,30954.28,0.0,0.0,614.3,0.0,0.0,15627,1,249
0,504,26,,,,,,,,,,,2261.68,0.0,0.0,,,
1,480,0,407,14472.98,9312.573,64.34454410909157,109397.43,108475.886,99.15761823655272,127643.61,121309.669,95.03779233445371,139293.27,132336.729,95.00583122214016,109627,1,225
1,480,1,128342,10007.43,10007.43,100.0,15395.21,12124.961,78.7580097965536,32997.8,29643.309,89.8341980374449,21019.27,20660.804,98.29458396985243,15542,1,225
1,480,2,161588,9973.75,9764.386,97.90084973054269,14751.0,12067.708,81.80942308996,28290.75,25398.094,89.77525869763085,676.54,660.627,97.64788482573093,14916,1,225
1,480,3,36311,9565.82,9565.82,100.0,15538.78,12249.492,78.83174869584356,28456.82,25153.999,88.39356962584013,685.83,579.909,84.55579370981147,15674,1,225
1,480,4,11065,9562.9,9521.419,99.56622990933714,14667.59,12891.098,87.88831703095056,27775.07,25935.017,93.3751634109293,10950.06,10720.675,97.90517129586505,14803,1,225
1,480,5,6318,9552.55,9314.646,97.50952363505034,15923.67,12410.582,77.93795023383429,31786.35,28011.097,88.12303708982002,11087.1,10831.494,97.6945639527018,16072,1,225
1,480,6,424,9589.9,9360.515,97.60805639266312,14433.98,11129.63,77.10714577684048,31270.22,27659.863,88.45432811153871,11694.53,11424.985,97.69511900007952,14597,1,225
1,480,7,402,9755.08,9515.235,97.54133231096003,14380.81,11168.567,77.66298977595838,31072.7,27547.09,88.65367348186672,11098.41,10826.665,97.5514961152093,14525,1,225
1,480,8,379,10236.73,9982.765,97.51908080021649,15097.65,11733.499,77.71738648067745,33531.55,29816.131,88.91963240589833,10935.48,10690.375,97.75862605025111,15260,1,225
1,480,9,480,9729.9,9473.155,97.36127812207732,14837.58,11717.239,78.97001397802067,31620.53,28170.022,89.08776038858299,5394.36,5377.54,99.68819285327639,15007,1,225
1,480,10,407,9639.43,9394.325,97.45726666410773,15474.94,12311.534,79.55787873814049,32016.27,28533.557,89.12205263136525,11051.98,11035.24,99.84853392785728,15618,1,225
1,480,11,5891,9833.49,9833.49,100.0,15276.31,11977.382,78.40494203115804,31304.69,27944.321,89.26560524956484,758.57,641.488,84.56543232661456,15451,1,225
1,480,12,376,9891.3,9890.68,99.99373186537665,20060.12,14979.622,74.67364103504865,36753.45,31605.051,85.99206605094217,698.13,649.149,92.9839714666323,20205,1,225
1,480,13,9598,9677.08,9289.195,95.99171444278646,15310.53,13547.556,88.48521899633782,29224.97,26717.621,91.42052498257483,5511.94,5506.379,99.89910993225617,15470,1,225
1,480,14,7279,9656.49,9654.27,99.97701028013284,15718.16,12369.355,78.69467545819613,32192.28,28558.828,88.71328156937005,10902.8,10648.516,97.66771838426826,15888,1,225
1,480,15,6052,9694.89,9456.165,97.53762033401102,14861.1,11799.614,79.39933113968682,31061.04,27687.475,89.13891807872498,11457.98,11224.375,97.961202585447,15008,1,225
1,480,16,409,9646.83,9408.406,97.52847308390426,14926.18,11878.896,79.58430087269483,31776.54,28417.169,89.42814101220587,5201.61,5099.526,98.0374537883463,15072,1,225
1,480,17,935,9808.37,9574.765,97.61830966817115,15860.57,12455.724,78.53263785601652,32862.18,29156.207,88.72268060122609,712.31,695.449,97.63291263635215,16004,1,225
1,480,18,5884,9625.07,9450.526,98.1865690327447,16356.23,13043.545,79.74664699628215,32145.07,28588.781,88.93675142097996,11377.87,11377.21,99.99419926576766,16522,1,225
1,480,19,6458,9540.46,9297.055,97.4487079239366,15030.53,12137.769,80.75409849153688,31443.95,28281.644,89.94303832692775,12133.43,12132.81,99.99489015060044,15181,1,225
1,480,20,553,9839.86,9839.2,99.99329258749617,15602.88,12617.103,80.86393665784777,35572.95,32391.9,91.05767162970741,11420.93,11157.785,97.69594069834943,15824,1,225
1,480,21,576,10365.87,10365.25,99.99401883295853,14923.7,11704.414,78.42836561978598,33560.75,30101.278,89.69191093762802,11996.93,11758.505,98.0126165610702,15116,1,225
1,480,22,612,9840.42,9840.42,100.0,14810.34,11642.157,78.60830338803835,33710.23,30200.601,89.58883104624323,12152.66,11992.02,98.67814947509434,15031,1,225
1,480,23,529,10036.9,10023.999,99.87146429674502,15815.15,12608.887,79.72663553617892,34811.77,31292.559,89.8907438489913,11011.59,10994.21,99.84216629932644,15994,1,225
1,480,24,522,10284.97,10284.31,99.99358286898261,14623.99,11466.171,78.40658397605579,33524.39,30038.805,89.60283841107922,11190.37,10935.945,97.72639331854084,14802,1,225
1,480,25,484,9703.99,9703.97,99.99979389921052,14223.21,11050.461,77.69315787364455,30746.74,27260.045,88.65995224209135,594.83,578.35,97.22946051813122,14366,1,225
1,480,26,388,10067.3,9812.875,97.47275833639605,14714.31,11187.163,76.0291376218117,31330.87,27474.576,87.69171108239254,695.05,677.85,97.52535788792174,14860,1,225
1,481,0,,,,,,,,,,,12309.42,12309.42,100.0,,,
1,481,1,980,10499.34,10499.34,100.0,15313.51,11948.489,78.02580205321966,32889.67,29448.768,89.53804644436993,22074.64,21984.32,99.5908427045696,15469,1,225
1,481,2,33927,10481.44,10481.44,100.0,15043.91,11986.55,79.67709192623461,29240.72,26183.36,89.54416991100082,1274.03,1258.23,98.75984082007488,15185,1,225
1,481,3,63386,9885.16,9885.16,100.0,15019.5,11660.515,77.63584007456973,28330.78,24910.296,87.92661550440897,5676.54,5660.7,99.72095678001035,15178,1,225
1,481,4,65684,10249.59,10249.59,100.0,14682.83,10975.46,74.7503035858891,29104.11,25396.74,87.26169602849906,659.14,651.184,98.7929726613466,14825,1,225
1,481,5,40005,10153.86,10147.56,99.93795463006187,13803.36,10587.493,76.70228842832469,31816.76,28522.851,89.6472519514872,1114.07,1114.07,100.0,13977,1,225
1,481,6,38290,9302.86,9302.86,100.0,14253.79,11398.951,79.97136901834529,36433.11,32892.498,90.28188370413615,1129.1,1129.1,100.0,14550,1,225
1,481,7,23359,9984.81,9984.81,100.0,15461.96,12399.554,80.19393401612732,38557.73,34916.972,90.55764434265191,869.44,852.4,98.04011777695987,15686,1,225
1,481,8,24385,10005.07,10005.07,100.0,15682.98,12491.215,79.64822374319166,40053.68,36229.942,90.45346644802675,649.89,634.829,97.6825308898429,15907,1,225
1,481,9,24958,9605.37,9605.37,100.0,14574.22,10987.265,75.38835697553625,35077.92,30810.632,87.83483171180048,863.6,840.38,97.31125521074571,14740,1,225
1,481,10,21856,9333.39,9332.73,99.99292861436199,14472.08,10709.247,73.99936291120558,31669.59,27794.454,87.76385801016055,673.12,656.86,97.58438317090564,14636,1,225
1,481,11,21566,9540.23,9540.23,100.0,14004.4,10816.754,77.23825369169691,31911.14,28612.072,89.66170434525374,1151.8,1136.359,98.65940267407537,14150,1,225
1,481,12,21192,9318.99,9318.33,99.9929176874318,13905.67,10575.906,76.05463095269772,30437.81,27006.145,88.72565076133927,668.28,653.42,97.7763811575986,14053,1,225
1,481,13,20352,9293.92,9293.26,99.99289858315974,13211.74,10445.529,79.06247776598693,31663.74,28571.682,90.23470379683512,735.88,720.1,97.85562863510356,13352,1,225
1,481,14,21561,9417.51,8986.081,95.41886337259,13738.42,10039.066,73.07292978377427,31839.24,27589.876,86.65368896996284,748.15,732.01,97.84267860723118,13884,1,225
1,481,15,20779,9344.16,9343.5,99.99293676478143,13205.16,10299.708,77.99760093781522,30586.36,27523.78,89.98710536330573,630.95,613.829,97.28647277914254,13354,1,225
1,481,16,19797,9343.98,9245.075,98.94151100494652,13025.57,10306.974,79.12877517068351,30594.96,27232.992,89.0113665780246,671.29,655.09,97.58673598593752,13168,1,225
1,481,17,19596,9247.15,9115.538,98.5767290462467,13554.87,10439.769,77.0185844644766,30681.56,26920.611,87.74198899925558,742.37,726.95,97.92286865040343,13698,1,225
1,481,18,20012,9826.88,9826.24,99.99348725129441,14180.61,10841.106,76.45020912358495,31074.48,27395.33,88.16022021929248,5417.01,5401.27,99.70943380204208,14331,1,225
1,481,19,20642,9407.82,9407.18,99.99319714875497,14798.57,11508.183,77.76550707264283,32251.82,28626.047,88.75792745959762,665.7,633.519,95.16584046867958,14940,1,225
1,481,20,21910,9386.55,9385.95,99.9936078750979,13336.53,10276.467,77.05502855690348,28461.55,25091.759,88.16019858370328,809.1,793.62,98.08676307007786,13477,1,225
1,481,21,34653,9251.35,9250.73,99.99329827538683,13820.03,10468.924,75.75181819431651,30730.9,27257.809,88.6983752509689,704.17,687.39,97.61705270034226,13965,1,225
1,481,22,20241,9389.28,9388.62,99.99297070701907,13355.06,10336.377,77.3967095617691,30874.35,27734.603,89.83056485399692,668.22,652.839,97.69821316332946,13497,1,225
1,481,23,20106,9283.22,9283.22,100.0,14397.35,11293.308,78.44018517296585,32537.31,28833.995,88.61825086339344,745.69,731.05,98.036717670882,14543,1,225
1,481,24,21195,9234.62,8987.035,97.31894761235436,14443.47,11129.787,77.05756996068119,31535.81,27850.359,88.31344113247765,576.35,559.569,97.0884011451375,14595,1,225
1,481,25,20964,9310.96,9310.96,100.0,14454.69,11067.437,76.56640854975097,31306.65,27829.356,88.89279434241607,691.36,672.62,97.28940060171256,14604,1,225
1,481,26,,,,,,,,,,,688.27,670.69,97.44576982870095,,,
1,482,0,,,,,,,,,,,11339.39,10870.589,95.8657299907667,,,
1,482,1,546,9999.7,9999.7,100.0,14808.51,8401.843,56.73658592255399,31421.82,24938.372,79.36641480347096,21415.59,19493.616,91.02535115773135,14956,1,225
1,482,2,32214,9712.68,9712.68,100.0,14379.44,6741.447,46.88254201832616,27857.38,20219.387,72.58179699598455,1071.67,0.0,0.0,14523,1,225
1,482,3,60312,10422.76,10422.76,100.0,14211.2,5633.408,39.64062148164828,28343.64,18584.565,65.56873076288014,755.37,0.0,0.0,14354,1,225
1,482,4,65303,9280.64,9273.74,99.92565167919454,14592.14,10697.357,73.30903486397472,27587.72,23686.017,85.8571023629354,5330.42,1662.714,31.19292663617501,14729,1,225
1,482,5,40072,9324.17,9324.17,100.0,15135.95,2225.611,14.70413816113293,28331.72,15410.1,54.391685361848836,5604.32,0.0,0.0,15286,1,225
1,482,6,36856,9328.77,9328.77,100.0,14772.53,1716.146,11.61714344123857,30505.55,15645.714,51.288090199980005,786.2,0.0,0.0,14912,1,225
1,482,7,36589,9461.5,0.0,0.0,14891.86,0.0,0.0,33440.51,266.06,0.7956218371071493,5635.16,0.0,0.0,15038,1,225
1,482,8,39838,9897.48,9897.46,99.99979792836156,15140.66,1817.402,12.003452953834246,29156.55,14087.611,48.317139716461654,5388.7,0.0,0.0,15283,1,225
1,482,9,37863,9587.32,7152.35,74.60218288322493,14948.16,1759.02,11.767468370689102,30832.6,13473.57,43.69910419491058,5635.01,0.0,0.0,15110,1,225
1,482,10,37265,10137.11,6705.808,66.15108250773643,15169.26,1780.673,11.738693911238913,31651.23,13059.019,41.259120103705285,1122.19,0.0,0.0,15315,1,225
1,482,11,37816,9995.2,5566.71,55.69383303985913,16248.52,3298.987,20.303307624325168,35617.84,16916.27,47.49381208967192,869.05,0.0,0.0,16493,1,225
1,482,12,42152,10115.24,10115.24,100.0,15376.04,5722.767,37.21873122078246,38067.76,22158.836,58.20893060164296,1000.84,991.76,99.09276207985292,15540,1,225
1,482,13,23581,9901.61,9901.61,100.0,15342.8,6824.531,44.480349088823424,35380.12,23012.775,65.04436672345939,776.65,760.909,97.97321830940578,15506,1,225
1,482,14,22627,9586.91,9586.91,100.0,15542.06,8690.161,55.91382995561721,37243.8,29650.686,79.61240797125964,921.54,921.54,100.0,15764,1,225
1,482,15,24726,11030.16,11030.16,100.0,14847.1,10837.296,72.99267870493227,37135.27,32283.068,86.93371018980069,1010.19,1010.19,100.0,15065,1,225
1,482,16,23073,11338.67,11331.29,99.93491300126028,15322.35,12275.013,80.11181705156193,38130.3,34255.747,89.83865062692924,1070.62,1070.3,99.970110776933,15536,1,225
1,482,17,23816,9495.63,9495.63,100.0,14761.73,11803.454,79.95982855668001,37453.74,33717.89,90.02542870218035,707.75,690.95,97.62628046626634,14958,1,225
1,482,18,22954,9489.94,9489.94,100.0,13657.6,10715.921,78.46123037722587,36957.52,33325.727,90.17306085473268,978.45,978.45,100.0,13833,1,225
1,482,19,22258,9303.74,9295.96,99.91637771476846,14810.7,11904.799,80.37971871687361,34934.61,31425.218,89.95439765894052,731.54,714.68,97.69527298575608,14959,1,225
1,482,20,22051,9367.47,9367.47,100.0,15186.1,12078.936,79.53942091781299,36154.9,32357.646,89.49726316488221,11099.9,11099.26,99.99423418228993,15357,1,225
1,482,21,23304,9484.83,9484.83,100.0,17367.79,13393.032,77.11419817950355,37020.27,32350.62,87.38623462227586,813.79,796.329,97.85436046154413,17514,1,225
1,482,22,25362,9417.45,9416.81,99.99320410514522,15555.17,12280.043,78.94509028188057,33637.35,30066.738,89.38497830536592,706.39,689.59,97.62171038661363,15725,1,225
1,482,23,34765,9452.19,9433.209,99.79918939420388,15078.04,11968.633,79.37790986096336,34637.54,30697.721,88.6255808004841,687.89,520.501,75.66631292793906,15264,1,225
1,482,24,22879,9412.75,9412.13,99.9934131895567,14845.58,11939.642,80.42556774474288,33272.56,29979.954,90.104139867807,593.43,576.81,97.19933269298822,14996,1,225
1,482,25,22017,9367.87,9291.212,99.18169231639635,14648.38,11442.738,78.11606471159268,32604.16,28823.364,88.4039459995289,745.11,727.57,97.64598515655406,14798,1,225
1,482,26,,,,,,,,,,,664.39,632.169,95.15028823432021,,,
1,483,0,,,,,,,,,,,12980.32,12963.279,99.86871664180853,,,
1,483,1,676,11225.8,11225.8,100.0,16647.05,13218.846,79.40653749463118,36395.27,32891.624,90.37334796527134,25527.86,25319.036,99.18197608416844,16866,1,225
1,483,2,37378,11523.89,11523.89,100.0,16234.71,13223.071,81.44938221871534,31769.19,28757.551,90.520252483617,807.07,791.469,98.066958256409,16387,1,225
1,483,3,69425,9370.31,9370.31,100.0,15904.67,12645.547,79.50838967422776,29414.14,26134.256,88.84929493094138,748.02,421.742,56.381112804470476,16093,1,225
1,483,4,72219,9255.44,9255.44,100.0,14190.08,11995.597,84.53509071125744,26992.0,24783.716,91.81874629519858,5455.5,5430.66,99.54467968105581,14324,1,225
1,483,5,40554,9251.04,8792.631,95.04478415399781,14313.67,11507.556,80.39556591705691,27520.44,24205.196,87.95352109195929,717.99,700.31,97.5375701611443,14450,1,225
1,483,6,36811,9375.47,9375.47,100.0,14573.35,11077.522,76.01218662833186,30817.16,27201.651,88.26787088751851,675.55,658.23,97.43616312634151,14776,1,225
1,483,7,37022,9361.08,9361.08,100.0,14258.83,11124.825,78.02060197084894,31628.25,28354.802,89.65023989629525,738.39,721.41,97.70040222646568,14409,1,225
1,483,8,21616,9297.46,9289.839,99.91803137631139,13843.42,10588.832,76.49000030339323,30865.41,27494.621,89.07907265770972,5447.18,5431.42,99.7106759828021,13984,1,225
1,483,9,20545,9328.71,9328.71,100.0,15446.64,12196.078,78.9561872355412,32990.33,29617.445,89.77614046297809,712.75,695.07,97.51946685373554,15589,1,225
1,483,10,22401,9313.01,9313.01,100.0,13555.86,10276.47,75.80832200981715,29464.13,26108.519,88.61119944827828,643.61,628.25,97.61346156834108,14083,1,225
1,483,11,35692,9206.47,9206.47,100.0,13477.32,10131.894,75.17736463926063,30630.3,27162.392,88.67817814386409,676.06,660.6,97.71322072005444,13619,1,225
1,483,12,19978,9286.16,9286.16,100.0,13203.11,10142.064,76.81571993265223,30303.72,27123.111,89.50422918374377,651.07,634.29,97.42270416391477,13341,1,225
1,483,13,19643,9280.14,9280.14,100.0,13332.74,10099.01,75.74594569458341,31240.43,27370.189,87.61143492583169,678.75,663.549,97.76044198895026,13472,1,225
1,483,14,19907,9251.76,9251.76,100.0,14245.57,11028.426,77.4165301914911,32194.6,28835.835,89.56730321233997,1303.48,1287.099,98.74328720041734,14457,1,225
1,483,15,21614,9393.5,9393.5,100.0,14855.97,11793.291,79.38418696322084,34836.08,31084.206,89.22991909537467,817.18,801.16,98.03959959861965,15066,1,225
1,483,16,22601,9741.08,9741.08,100.0,14906.54,11528.615,77.33930878661312,36733.61,32517.666,88.52292491807911,826.96,809.919,97.9393199187385,15101,1,225
1,483,17,23981,9579.35,9579.35,100.0,13952.62,11008.163,78.89674484075393,35395.39,31779.279,89.78366674304196,895.54,849.479,94.85662281975122,14150,1,225
1,483,18,22101,9309.65,9309.65,100.0,13763.64,10828.341,78.67352677053455,34405.52,30751.945,89.38084644557037,754.54,737.8,97.78142974527528,13922,1,225
1,483,19,21332,9447.56,9447.56,100.0,13783.63,10804.974,78.38990164419677,34713.49,30883.437,88.96667261056149,751.49,734.589,97.7510013439966,13953,1,225
1,483,20,22019,9415.89,9415.89,100.0,13988.95,10693.747,76.4442434921849,32163.95,28264.834,87.87737202675666,11080.11,11080.11,100.0,14139,1,225
1,483,21,20640,9310.06,9310.06,100.0,15115.88,11509.584,76.14233508072307,34159.67,30431.891,89.08719258704784,746.71,731.09,97.90815711588166,15284,1,225
1,483,22,22617,9424.45,9424.45,100.0,14769.73,11574.847,78.36871087013778,31573.01,28093.863,88.98062934132668,764.09,747.75,97.86150846104516,15030,1,225
1,483,23,32681,9437.23,9215.905,97.6547673416882,14385.03,11169.628,77.64758224348506,32330.98,28771.91,88.99176579243809,968.51,952.23,98.3190674334803,14589,1,225
1,483,24,21806,9508.89,9283.985,97.63479228385228,14344.66,11145.918,77.70081688935116,33199.47,29655.438,89.32503440566973,708.72,692.3,97.68314708206343,14546,1,225
1,483,25,22144,11304.68,11086.975,98.07420466567828,15222.05,11739.843,77.12392877437665,38256.92,34436.125,90.01280029861265,777.43,760.71,97.84932405489884,15441,1,225
1,483,26,,,,,,,,,,,850.88,834.879,98.11947630688229,,,
1,484,0,,,,,,,,,,,12727.72,11380.773,89.41721690923433,,,
1,484,1,760,11029.34,10914.373,98.95762575095155,26973.02,23202.426,86.02086826020965,47393.02,43218.298,91.19127247008105,31484.47,31058.722,98.64775236807226,27156,1,225
1,484,2,48544,9838.34,9649.317,98.07871043285756,13930.99,11283.535,80.99593065532314,27860.68,25024.202,89.81906399987366,794.5,700.783,88.2042794210195,14072,1,225
1,484,3,76898,9702.37,9500.126,97.91551961015709,16467.36,14694.765,89.23570626985746,31411.22,29435.761,93.71097652367528,824.74,807.7,97.93389431820937,16673,1,225
1,484,4,78745,9936.77,9748.807,98.1084094730984,14281.97,11155.093,78.10612261473733,28931.11,25608.41,88.5151312894666,826.17,809.409,97.97124078579469,14498,1,225
1,484,5,39529,9960.46,9960.46,100.0,15416.73,12364.789,80.20370727125663,37822.76,34029.522,89.97101745086819,726.5,0.0,0.0,15590,1,225
1,484,6,23142,9494.67,9479.19,99.83696115820771,26983.81,8077.365,29.93411604958677,47227.56,26043.378,55.14444955445508,757.74,0.0,0.0,27142,1,225
1,484,7,34204,9375.86,0.0,0.0,14776.27,0.0,0.0,583149.19,0.0,0.0,570408.26,0.0,0.0,14995,1,225
1,484,8,600862,10346.49,0.0,0.0,15423.3,0.0,0.0,55894.16,0.0,0.0,41660.99,0.0,0.0,15584,1,225
1,484,9,628244,10040.98,0.0,0.0,14516.06,0.0,0.0,30003.31,0.0,0.0,718.87,0.0,0.0,14682,1,225
1,484,10,645668,9495.99,0.0,0.0,16055.5,0.0,0.0,33628.89,0.0,0.0,784.64,0.0,0.0,16202,1,225
1,484,11,94718,9564.4,0.0,0.0,15089.37,0.0,0.0,30721.14,0.0,0.0,745.78,0.0,0.0,15239,1,225
1,484,12,52068,10135.48,0.0,0.0,15320.01,0.0,0.0,32984.49,0.0,0.0,694.88,0.0,0.0,15477,1,225
1,484,13,48381,9397.19,0.0,0.0,14911.69,0.0,0.0,31812.52,0.0,0.0,761.04,0.0,0.0,15109,1,225
1,484,14,44889,9297.93,0.0,0.0,25867.28,0.0,0.0,43184.32,0.0,0.0,24778.97,0.0,0.0,26009,1,225
1,484,15,56019,9695.3,0.0,0.0,14496.26,0.0,0.0,27703.67,0.0,0.0,702.42,0.0,0.0,14634,1,225
1,484,16,52770,9503.09,0.0,0.0,14076.42,0.0,0.0,28476.65,0.0,0.0,821.55,0.0,0.0,14215,1,225
1,484,17,68572,9398.68,0.0,0.0,14546.74,0.0,0.0,28930.71,0.0,0.0,721.27,0.0,0.0,14691,1,225
1,484,18,41639,9311.21,0.0,0.0,14128.38,0.0,0.0,48872.52,0.0,0.0,25201.04,0.0,0.0,14281,1,225
1,484,19,58060,9743.25,0.0,0.0,13005.94,0.0,0.0,26530.67,0.0,0.0,780.58,0.0,0.0,13152,1,225
1,484,20,54651,9522.33,0.0,0.0,14186.3,0.0,0.0,28274.99,0.0,0.0,800.89,0.0,0.0,14328,1,225
1,484,21,67519,9289.86,0.0,0.0,15114.87,0.0,0.0,28996.27,0.0,0.0,808.21,0.0,0.0,15255,1,225
1,484,22,40581,9557.22,0.0,0.0,14465.01,0.0,0.0,31850.78,0.0,0.0,732.13,0.0,0.0,14605,1,225
1,484,23,40668,9302.86,0.0,0.0,13524.02,0.0,0.0,31935.67,0.0,0.0,710.66,0.0,0.0,13661,1,225
1,484,24,40307,9246.83,0.0,0.0,15377.89,0.0,0.0,34614.33,0.0,0.0,646.04,0.0,0.0,15518,1,225
1,484,25,44240,9874.67,0.0,0.0,13772.27,0.0,0.0,30807.59,0.0,0.0,593.96,0.0,0.0,13915,1,225
1,484,26,,,,,,,,,,,701.02,0.0,0.0,,,
1,485,0,,,,,,,,,,,11496.25,11479.53,99.85456126997934,,,
1,485,1,602,10019.83,10019.83,100.0,15894.29,11107.494,69.8835493752788,32774.03,27910.173,85.1594173801635,21965.24,21621.623,98.43563284535018,16052,1,225
1,485,2,33645,10062.35,10062.35,100.0,14000.53,9916.049,70.82624014948006,27634.51,23550.029,85.2196366065474,761.78,745.78,97.89965606868125,14145,1,225
1,485,3,61525,9265.02,9265.02,100.0,14243.68,12639.749,88.73934966244677,26866.36,25231.269,93.91398388170187,764.28,748.179,97.89331135186058,14391,1,225
1,485,4,63588,9359.65,9197.818,98.27096098678904,14117.17,10228.797,72.4564271734349,27066.22,22849.495,84.42070965210509,723.87,708.37,97.85873154019367,14257,1,225
1,485,5,36845,9307.55,9306.91,99.99312386181111,13821.53,6290.298,45.51086601845092,31021.0,23368.146,75.33008607072628,796.1,780.599,98.05288280366788,13961,1,225
1,485,6,20493,10073.31,10073.31,100.0,14167.58,3888.233,27.444581219940176,33458.14,22353.575,66.81057285312333,789.13,773.89,98.06875926653403,14323,1,225
1,485,7,20965,9361.07,9361.07,100.0,14347.31,2519.574,17.5612989473288,32420.36,20474.222,63.152358579608624,813.78,797.4,97.9871709798717,14491,1,225
1,485,8,21228,9672.0,9672.0,100.0,15072.76,1974.193,13.097753828761288,33263.25,19610.737,58.956166339729286,776.04,759.6,97.88155249729395,15220,1,225
1,485,9,21963,9472.77,9472.77,100.0,14630.3,1972.729,13.483858840898684,33000.61,18809.867,56.99854336025909,1113.05,0.0,0.0,14781,1,225
1,485,10,22715,9534.06,9527.04,99.92636924877756,28171.57,2013.721,7.148060970687825,46679.75,18441.46,39.506338401555276,1209.61,899.004,74.32180620199901,28333,1,225
1,485,11,37209,9920.79,0.0,0.0,15627.48,8702.063,55.68436497759076,29968.53,10271.353,34.273796545909995,823.66,762.955,92.62984726707623,15789,1,225
1,485,12,50563,9703.22,9702.58,99.99340425137223,15081.71,11852.047,78.58556489947095,28256.64,25020.357,88.54682297682953,756.57,738.99,97.67635512906935,15227,1,225
1,485,13,41501,9379.46,9379.46,100.0,14917.33,10869.091,72.8621743971609,30943.6,26849.441,86.76896353365478,800.07,783.73,97.95767870311347,15066,1,225
1,485,14,37563,10015.79,9717.333,97.02013520650893,15327.53,11352.054,74.06316608090148,34611.7,30041.613,86.79612096487605,827.8,710.74,85.85890311669486,15510,1,225
1,485,15,22575,9496.76,9496.76,100.0,32402.81,22444.554,69.26730737241616,51426.72,41341.582,80.38930345936899,19361.7,19346.4,99.9209780132943,32557,1,225
1,485,16,40165,10127.88,10127.88,100.0,38638.12,6077.337,15.728863102034985,53282.43,18874.937,35.42431717172059,37821.16,2746.387,7.26150916576858,38828,1,225
1,485,17,75379,10945.94,0.0,0.0,34453.75,13260.276,38.48717773827232,49903.39,14619.293,29.295190166439596,27165.02,0.0,0.0,34666,1,225
1,485,18,109353,10601.6,0.0,0.0,16725.25,0.0,0.0,31374.53,0.0,0.0,811.76,0.0,0.0,16901,1,225
1,485,19,104236,9502.33,0.0,0.0,28039.57,0.0,0.0,57681.51,0.0,0.0,45289.35,0.0,0.0,28202,1,225
1,485,20,102569,9814.57,0.0,0.0,15818.05,0.0,0.0,30155.8,0.0,0.0,793.98,0.0,0.0,15962,1,225
1,485,21,76402,9776.22,0.0,0.0,14389.79,0.0,0.0,27519.51,0.0,0.0,729.85,0.0,0.0,14531,1,225
1,485,22,90209,9512.91,0.0,0.0,15096.25,0.0,0.0,28401.92,0.0,0.0,819.75,0.0,0.0,15235,1,225
1,485,23,41253,9399.82,0.0,0.0,15023.09,1599.852,10.649287197241048,28400.82,1600.873,5.636714010370124,5296.25,0.0,0.0,15160,1,225
1,485,24,38533,9325.58,0.0,0.0,14515.03,1208.991,8.329235282324598,31016.58,2453.889,7.9115395701266875,702.06,0.0,0.0,14657,1,225
1,485,25,37719,9358.59,0.0,0.0,14802.15,1299.766,8.780927095050382,32265.72,1300.686,4.031169922753931,710.68,0.0,0.0,14946,1,225
1,485,26,,,,,,,,,,,643.19,0.0,0.0,,,
1,486,0,,,,,,,,,,,11687.18,11666.283,99.82119724347532,,,
1,486,1,618,10261.85,10261.85,100.0,14996.07,11045.71,73.65736489626948,32003.34,27976.859,87.41856006279345,22155.44,21742.991,98.13838497452545,15148,1,225
1,486,2,32880,10281.15,10281.15,100.0,16541.35,10758.713,65.04132371299804,30896.81,25112.553,81.27878897530198,785.48,672.899,85.66723532107754,16712,1,225
1,486,3,64079,10172.95,10172.95,100.0,16302.47,13027.445,79.91086626750425,30494.96,27219.935,89.26043844622194,1132.9,1026.22,90.58345838114572,16441,1,225
1,486,4,70511,9437.3,9437.3,100.0,15305.81,13875.303,90.65383014685274,28608.11,27177.603,94.9996452055029,1074.62,1049.1,97.62520704993392,15455,1,225
1,486,5,42914,10051.71,10051.71,100.0,16545.58,12721.001,76.8845879080697,36596.3,32714.165,89.3920013771884,811.7,794.32,97.8588148330664,16751,1,225
1,486,6,43990,9416.93,9416.93,100.0,16136.08,13090.879,81.12800010907235,36124.06,32720.412,90.57789185379497,982.48,966.02,98.32464782998127,16319,1,225
1,486,7,25856,9534.56,9534.56,100.0,15016.91,11928.61,79.434517487286,35499.57,31714.537,89.3378060635664,745.21,720.95,96.74454180700742,15168,1,225
1,486,8,22511,9772.48,9396.241,96.15001514456924,14594.35,11494.551,78.7602805195161,34860.58,30915.061,88.68200414336192,923.89,899.529,97.36321423546093,14754,1,225
1,486,9,22735,9327.22,9327.22,100.0,26984.1,21494.302,79.65543412602237,45465.63,39263.478,86.35859219370765,753.16,735.356,97.63609326039621,27124,1,225
1,486,10,33851,9376.57,9159.826,97.68845110738788,14160.52,12850.036,90.745509345702,27073.77,25546.542,94.35901243158969,979.63,976.329,99.66303604422077,14324,1,225
1,486,11,43691,9400.1,9328.583,99.23918894479846,14701.82,11780.185,80.12739239087405,27744.77,24364.774,87.8175382243212,775.03,750.37,96.81818768305743,14837,1,225
1,486,12,37808,9717.83,9717.83,100.0,15428.24,12016.327,77.8852740169974,35206.35,31447.571,89.32357657070386,704.82,680.419,96.53798132856615,15687,1,225
1,486,13,23880,9400.59,9133.465,97.15842303514992,14572.56,11574.38,79.42585242400786,32902.34,29516.295,89.70880186637183,666.36,642.579,96.43120835584368,14726,1,225
1,486,14,21782,9346.31,9331.25,99.8388668897137,14986.05,11490.702,76.6759886694626,34417.79,30264.306,87.93215950239687,5635.11,5567.387,98.79819559866621,15148,1,225
1,486,15,22176,9435.95,9435.95,100.0,15530.85,12276.767,79.04761812779081,33622.32,30237.655,89.9332794405621,5341.48,5317.059,99.54280461594915,15671,1,225
1,486,16,22669,9335.96,9335.96,100.0,15495.1,11995.347,77.41380823615206,31076.08,27509.827,88.52412209004483,5324.26,5279.14,99.1525582897905,15640,1,225
1,486,17,37468,9446.6,9446.6,100.0,15418.4,12083.557,78.37101774503192,31521.03,27850.421,88.35504740803202,838.84,813.58,96.98869867912832,15560,1,225
1,486,18,37647,9571.65,9565.51,99.93585223028423,26545.23,12558.836,47.31108376156469,42731.82,27033.098,63.26222005053846,741.71,714.91,96.3867279664559,26686,1,225
1,486,19,48862,9505.96,4962.706,52.206257968684916,14132.31,6191.256,43.80922863990388,27375.51,13567.172,49.55952236140989,819.34,766.579,93.56054873434715,14274,1,225
1,486,20,44472,9380.77,302.623,3.2259931754003133,15676.82,9228.943,58.86999404215906,30174.76,11724.572,38.85556007736267,737.57,721.81,97.86325365727998,15815,1,225
1,486,21,44146,9522.98,0.0,0.0,13741.88,10172.885,74.0283352787246,27771.13,11350.625,40.87203149457728,875.07,849.81,97.11337378723987,13895,1,225
1,486,22,40948,9323.77,9323.77,100.0,26644.98,12996.708,48.777323158058294,41390.9,26249.278,63.417992843837645,793.78,680.819,85.76923076923076,26787,1,225
1,486,23,48763,9328.98,717.3,7.688943485783012,13434.25,10712.56,79.74066285799356,26572.05,14801.865,55.704640778562435,5472.05,5447.569,99.55261739201944,13575,1,225
1,486,24,43373,9319.73,9319.73,100.0,14482.35,12776.596,88.22184244960243,27765.09,26050.896,93.82608160103209,800.08,784.079,98.00007499250074,14629,1,225
1,486,25,38403,9368.85,9362.89,99.93638493518414,15151.23,12012.205,79.28204508808857,31197.79,27983.044,89.69559702786641,813.38,788.82,96.98050111878827,15329,1,225
1,486,26,,,,,,,,,,,1280.08,1254.879,98.03129491906756,,,
1,487,0,,,,,,,,,,,11575.58,9249.489,79.9051883361352,,,
1,487,1,601,10214.8,8861.849,86.75499275560952,13873.78,4994.402,35.99885539485273,30695.77,20211.1,65.8432741710014,21256.28,16702.65,78.57748392475072,14026,1,225
1,487,2,31557,9703.87,9703.87,100.0,13653.83,4447.038,32.56989430804396,26960.67,16878.169,62.60292863641743,761.79,0.0,0.0,13795,1,225
1,487,3,58762,9260.86,9260.86,100.0,13828.54,2843.267,20.560861811876013,26687.05,14631.467,54.826093554739096,731.54,0.0,0.0,13969,1,225
1,487,4,62615,10118.01,7156.595,70.73125051269963,14998.47,9105.329,60.70838558866338,29320.9,20073.7,68.46208677086992,711.13,711.13,100.0,15154,1,225
1,487,5,41031,9647.09,9647.09,100.0,14953.72,2397.464,16.03255912241235,28616.14,14495.614,50.65537839834443,11327.29,9865.234,87.0926232134959,15094,1,225
1,487,6,37288,9347.96,9347.96,100.0,14657.78,1891.489,12.904334762835845,32317.09,17353.038,53.69616509407252,5978.82,0.0,0.0,14806,1,225
1,487,7,22305,9262.7,9262.7,100.0,15180.75,1943.042,12.799380794756516,31864.22,16278.086,51.08578210921215,726.27,710.27,97.79696256213255,15322,1,225
1,487,8,33356,9364.64,9272.129,99.01212433152799,13912.68,1979.896,14.230874281590607,29306.03,15684.134,53.51845336949426,663.15,663.15,100.0,14051,1,225
1,487,9,36091,9841.94,7777.429,79.02333279820849,13635.69,2000.484,14.670940744472777,30952.94,15632.172,50.503028145307034,735.79,719.99,97.8526481740714,13781,1,225
1,487,10,20426,9243.48,6761.037,73.14384842072468,14128.07,1928.935,13.653209532512227,31495.08,15028.521,47.71704342392526,733.73,717.749,97.82195085385634,14269,1,225
1,487,11,20914,9316.69,6853.41,73.56056711128093,13867.94,7166.626,51.67765363853607,30435.32,19845.135,65.2042922499254,653.0,627.398,96.07932618683002,14006,1,225
1,487,12,20332,9456.9,5522.38,58.39524579936343,14282.28,1895.63,13.272600733216265,31397.5,13402.188,42.685525917668606,5622.78,0.0,0.0,14426,1,225
1,487,13,21064,9583.45,4961.982,51.77657315476159,15335.27,2041.961,13.315455156642171,33492.32,13554.309,40.469901756581805,663.43,640.095,96.4826733792563,15487,1,225
1,487,14,22522,9396.94,6862.949,73.03387060042948,13836.63,1901.925,13.74557966788156,29122.13,13246.262,45.4852100447323,687.74,663.46,96.46959606828162,13988,1,225
1,487,15,35552,9347.64,3986.745,42.64974902756204,13580.52,1872.194,13.785878596695854,30719.33,12335.807,40.15649755382035,653.23,629.13,96.31064096872464,13720,1,225
1,487,16,19830,9345.12,3263.121,34.917914376701425,14184.68,1975.821,13.929260300549606,31175.13,11535.19,37.0012570917908,757.94,539.38,71.16394437554423,14323,1,225
1,487,17,20533,10328.64,3635.33,35.19659897140379,14943.94,2834.898,18.970218028177307,34783.92,14344.547,41.23901791402464,5719.83,5703.669,99.71745663769728,15117,1,225
1,487,18,23058,9959.97,9385.511,94.2323219849056,14377.76,7817.083,54.369268926453074,33221.98,23777.155,71.57055359132718,698.15,673.71,96.49931963045191,14532,1,225
1,487,19,21214,9341.04,7049.218,75.4650231665853,14973.65,11975.729,79.97868923074867,38090.53,32285.4,84.7596502332732,784.44,760.139,96.90212125847737,15138,1,225
1,487,20,28012,9375.41,9375.41,100.0,13643.33,9030.938,66.19306283729853,32578.66,27222.054,83.55793025250271,775.05,750.929,96.88781368943938,13785,1,225
1,487,21,21248,9677.28,9677.28,100.0,14021.93,10741.266,76.60333491894481,35009.4,30984.722,88.50400749512988,625.85,601.59,96.12367180634337,14186,1,225
1,487,22,21162,9743.9,9743.9,100.0,13924.7,10887.56,78.18882992093187,32937.92,29240.767,88.77539018857294,691.18,668.259,96.68378714661883,14083,1,225
1,487,23,20907,9507.35,9052.981,95.22086596159812,13802.98,10505.585,76.11099197419688,31390.99,27517.845,87.66160289943069,653.28,629.46,96.35378398236591,13956,1,225
1,487,24,20406,9289.64,9289.64,100.0,13457.49,10212.691,75.8885275040145,30754.92,27391.757,89.06463421137173,585.04,561.899,96.04454396280597,13596,1,225
1,487,25,20016,9314.33,9314.33,100.0,13882.25,10620.124,76.50146049811809,31288.96,27905.132,89.18523338583323,655.53,629.609,96.04579500556802,14029,1,225
1,487,26,,,,,,,,,,,618.58,594.88,96.16864431439748,,,
1,488,0,,,,,,,,,,,11404.75,10245.789,89.83790964291195,,,
1,488,1,591,9991.62,9780.009,97.88211521254811,16805.9,8340.068,49.625833784563746,33542.27,24599.036,73.33742170699837,23560.29,19765.75,83.89434085913204,16955,1,225
1,488,2,34409,9651.62,9651.62,100.0,15131.08,6163.444,40.7336687136675,28562.57,19594.934,68.60353952743048,671.56,0.0,0.0,15275,1,225
1,488,3,63217,10008.32,10008.32,100.0,13381.42,2884.809,21.558317428195217,26854.62,15310.949,57.01420835595515,687.96,0.0,0.0,13524,1,225
1,488,4,66692,9346.76,4217.576,45.12340105020349,13738.71,6411.792,46.66953447594425,26828.42,13720.101,51.14017523208598,713.5,697.36,97.73791170287316,13877,1,225
1,488,5,38762,9297.36,9297.36,100.0,14597.37,1940.843,13.29584027807749,28436.39,14203.073,49.946821660555365,5470.2,0.0,0.0,14769,1,225
1,488,6,36282,9358.36,6129.369,65.49618736616245,15561.87,2120.574,13.626729949549764,32991.8,14491.129,43.923426427172814,5714.6,0.0,0.0,15708,1,225
1,488,7,22790,9383.59,7517.131,80.10932915866955,15129.54,1946.747,12.867192260967617,31412.81,14326.566,45.607400293065155,739.96,0.0,0.0,15275,1,225
1,488,8,37982,9575.79,7759.528,81.03277118650263,15622.55,1929.616,12.351479111924752,31836.03,14678.59,46.10684812145233,5700.24,0.0,0.0,15764,1,225
1,488,9,38324,9459.12,8203.708,86.72802543999865,15111.86,1892.636,12.52417637537669,31218.37,14687.171,47.04656585209286,6052.02,0.0,0.0,15255,1,225
1,488,10,37735,9305.28,7587.45,81.53919065304859,15246.7,1994.256,13.079918933277364,31454.95,14207.203,45.16682747866393,5032.62,5032.62,100.0,15396,1,225
1,488,11,38080,9404.6,8036.262,85.45033281585606,15124.64,2056.426,13.596528578531457,31600.0,15300.287,48.41862974683544,751.64,0.0,0.0,15284,1,225
1,488,12,38527,9897.89,8200.088,82.84682897061899,16376.62,1834.605,11.20258637008125,33117.4,15103.641,45.60636100660076,648.08,648.08,100.0,16519,1,225
1,488,13,27670,9277.47,8788.005,94.72415432224517,14090.3,1915.542,13.594756676578923,28260.12,14283.607,50.54333456475061,635.52,619.38,97.46034743202418,14233,1,225
1,488,14,35879,9405.15,5639.178,59.958405767053165,13866.81,1841.358,13.278886780737603,30362.33,13188.806,43.438056302003176,694.29,671.309,96.68999985596797,14007,1,225
1,488,15,20168,9434.33,4330.799,45.90468003557222,13286.69,1882.248,14.166417670616234,29640.86,11803.037,39.82015703997792,696.63,672.03,96.46871366435555,13430,1,225
1,488,16,19551,9470.87,2531.765,26.73212703795955,12495.58,1821.985,14.581035854278072,29726.23,10433.006,35.0969699151221,5327.57,0.0,0.0,12640,1,225
1,488,17,19130,9772.09,3863.856,39.53970951966264,14743.41,1937.721,13.142963534216305,33956.18,12684.135,37.35442267063021,669.13,0.0,0.0,14888,1,225
1,488,18,21829,9375.91,1751.468,18.680512078294267,13276.24,2032.782,15.311428536995413,28587.76,8434.327,29.50328042490912,5307.24,0.0,0.0,13423,1,225
1,488,19,34904,9538.93,0.0,0.0,13515.2,1124.763,8.322207588492954,32884.37,1868.117,5.680866016286764,766.85,0.0,0.0,13660,1,225
1,488,20,21511,9513.24,0.0,0.0,15419.44,0.0,0.0,44117.74,0.0,0.0,681.66,0.0,0.0,15568,1,225
1,488,21,50196,9423.68,0.0,0.0,15217.76,0.0,0.0,28482.42,0.0,0.0,751.76,0.0,0.0,15359,1,225
1,488,22,49805,9544.01,0.0,0.0,14839.49,0.0,0.0,28231.7,0.0,0.0,781.91,0.0,0.0,14998,1,225
1,488,23,44612,9555.69,0.0,0.0,14278.82,0.0,0.0,27635.68,0.0,0.0,5642.87,0.0,0.0,14419,1,225
1,488,24,40912,9746.1,0.0,0.0,14102.74,1229.631,8.71909288549601,28456.21,2762.915,9.709356938257063,5329.56,0.0,0.0,14243,1,225
1,488,25,37825,9322.44,0.0,0.0,14160.94,1284.996,9.074228123274303,30831.87,2520.59,8.175274480594268,645.86,0.0,0.0,14306,1,225
1,488,26,,,,,,,,,,,673.91,0.0,0.0,,,
1,489,0,,,,,,,,,,,11368.98,10654.064,93.7116962119733,,,
1,489,1,569,10070.92,10070.92,100.0,14474.1,6803.208,47.0026322880179,30837.11,23090.377,74.87853758020775,22161.83,18816.768,84.9062013380664,14623,1,225
1,489,2,31676,10375.78,10375.78,100.0,14485.17,6855.958,47.33087702802245,28637.27,21008.058,73.35915050561734,711.2,0.0,0.0,14632,1,225
1,489,3,60561,9349.89,9341.909,99.91464070700296,13522.75,3230.328,23.888099683866077,26378.23,15006.987,56.89156171585432,687.57,0.0,0.0,13668,1,225
1,489,4,64145,9433.69,7509.808,79.60626223672816,13123.27,7360.234,56.08536591870776,26047.46,17926.998,68.82436137727058,705.99,0.0,0.0,13263,1,225
1,489,5,38081,9351.92,9351.92,100.0,13667.45,2048.302,14.986716615023285,28482.12,15278.612,53.642818722763614,805.71,0.0,0.0,13810,1,225
1,489,6,35368,9327.65,0.0,0.0,14295.07,10.54,0.0737317131010901,33902.57,11.32,0.03338979906243096,795.56,0.0,0.0,14443,1,225
1,489,7,23433,9340.03,0.0,0.0,13603.75,0.0,0.0,31488.42,0.0,0.0,759.68,735.399,96.80378580454928,13758,1,225
1,489,8,39251,9484.61,9379.955,98.8965808820816,13956.64,2049.963,14.68808395143817,28384.46,14887.258,52.44862153445935,717.21,692.93,96.61465958366448,14099,1,225
1,489,9,36194,9490.39,5028.779,52.98811745355039,12837.25,2696.907,21.008448071043254,30072.0,13753.193,45.734214551742475,682.57,657.669,96.35187599806612,12987,1,225
1,489,10,19406,9425.22,5195.472,55.123084660092815,13143.12,1859.167,14.145552958506045,32854.34,15423.305,46.94449804805089,760.45,737.75,97.01492537313432,13286,1,225
1,489,11,19474,9448.51,2635.679,27.895181356637185,13789.72,1798.148,13.039771655987213,30982.82,10838.995,34.983887844941165,1171.92,625.293,53.35628711857465,13942,1,225
1,489,12,20119,9213.76,380.104,4.1253950612996215,14200.12,1967.098,13.852685751951391,31462.31,8996.46,28.594403907405397,5278.02,0.0,0.0,14340,1,225
1,489,13,20740,9316.24,0.0,0.0,14568.56,1882.855,12.924098195017216,31363.81,6791.938,21.65533460379973,5392.46,0.0,0.0,14709,1,225
1,489,14,21694,9377.61,0.0,0.0,14747.85,1867.845,12.665202046399983,30499.78,4316.726,14.15330208939212,955.11,0.0,0.0,14888,1,225
1,489,15,36559,9570.63,0.0,0.0,15436.71,7.38,0.04780811455290668,34460.83,8.12,0.023562984408675006,5607.09,0.0,0.0,15595,1,225
1,489,16,40718,9293.02,0.0,0.0,14901.37,1441.368,9.672721367229991,31120.59,1442.148,4.634063814342851,5701.56,0.0,0.0,15047,1,225
1,489,17,40261,9390.52,0.0,0.0,15515.18,1572.291,10.133888230752076,32245.4,2856.677,8.859176812816711,790.89,0.0,0.0,15667,1,225
1,489,18,38631,9747.57,0.0,0.0,13305.45,2199.207,16.528617972334644,29586.18,4593.132,15.524586141232154,784.08,0.0,0.0,13468,1,225
1,489,19,36182,9544.3,0.0,0.0,14281.74,1971.528,13.804536422032609,33084.24,4583.393,13.853704966473464,778.09,0.0,0.0,14435,1,225
1,489,20,21175,9394.62,0.0,0.0,14724.79,2025.11,13.753065408742671,32167.63,4363.048,13.563473591309027,775.11,0.0,0.0,14880,1,225
1,489,21,21485,9695.69,0.0,0.0,14970.89,0.0,0.0,50824.76,0.0,0.0,23963.28,0.0,0.0,15142,1,225
1,489,22,40137,10008.04,0.0,0.0,14596.57,0.0,0.0,29493.76,0.0,0.0,741.58,0.0,0.0,14766,1,225
1,489,23,56152,9317.05,0.0,0.0,13342.27,0.0,0.0,26034.25,0.0,0.0,760.27,0.0,0.0,13481,1,225
1,489,24,66367,9420.77,0.0,0.0,13795.26,0.0,0.0,27119.67,0.0,0.0,639.44,0.0,0.0,13937,1,225
1,489,25,38197,9317.46,0.0,0.0,15448.52,0.0,0.0,49294.59,0.0,0.0,12193.63,0.0,0.0,15595,1,225
1,489,26,,,,,,,,,,,660.44,0.0,0.0,,,
1,490,0,,,,,,,,,,,11611.81,11594.93,99.85463075954567,,,
1,490,1,701,10083.72,10083.72,100.0,15186.76,10736.708,70.69781836283711,31800.08,27268.387,85.74942893225425,21240.35,20830.42,98.07004121871815,15334,1,225
1,490,2,32753,9581.06,9581.06,100.0,13358.52,7042.774,52.721214625572294,26765.16,20449.394,76.40303289799127,694.27,0.0,0.0,13497,1,225
1,490,3,59762,9256.27,9256.27,100.0,13543.15,9117.765,67.32381314539084,26194.06,21768.675,83.10538725191894,695.3,0.0,0.0,13679,1,225
1,490,4,62098,9269.29,9249.609,99.78767521568534,13923.31,10026.873,72.01500936199797,26502.15,22432.218,84.64301198204674,765.68,0.0,0.0,14057,1,225
1,490,5,36846,9238.64,9219.6,99.79390906020801,13187.01,3751.242,28.446493936078003,28969.28,19194.385,66.2577219730694,736.12,0.0,0.0,13326,1,225
1,490,6,35039,9314.47,9314.47,100.0,13314.56,0.0,0.0,34368.98,10797.466,31.416312034863996,714.03,690.829,96.75069674943629,13460,1,225
1,490,7,22939,9387.24,8491.737,90.46042287189844,13949.42,2950.631,21.152356155309683,29455.62,15414.748,52.33211183468554,707.34,0.0,0.0,14102,1,225
1,490,8,36707,9590.71,8928.897,93.09943685086924,14894.67,2185.293,14.67164428617754,34522.51,18883.917,54.700301339618704,764.04,0.0,0.0,15038,1,225
1,490,9,21726,9361.59,0.0,0.0,15276.19,0.0,0.0,35929.25,0.0,0.0,1000.19,0.0,0.0,15425,1,225
1,490,10,26052,9340.15,5715.609,61.193974400839394,28423.64,2117.451,7.449612364918779,41260.79,10000.6,24.237538835296174,697.03,0.0,0.0,28567,1,225
1,490,11,50298,9783.11,0.0,0.0,16253.56,0.0,0.0,30952.03,0.0,0.0,751.21,0.0,0.0,16413,1,225
1,490,12,48611,9965.83,0.0,0.0,17465.37,0.0,0.0,32146.63,0.0,0.0,746.33,0.0,0.0,17636,1,225
1,490,13,48895,10294.7,0.0,0.0,15808.16,2577.287,16.30352299065799,31058.79,4582.867,14.75545892161285,791.31,0.0,0.0,15959,1,225
1,490,14,46925,9738.6,9738.6,100.0,18300.47,3747.443,20.477304681245894,32216.45,16321.652,50.66247833016983,720.66,0.0,0.0,18492,1,225
1,490,15,44898,10472.85,10472.85,100.0,14967.3,2881.279,19.250492740841704,29218.79,17118.489,58.587261827064026,727.44,0.0,0.0,15121,1,225
1,490,16,40139,9414.35,9404.049,99.8905819307759,18685.75,2049.757,10.969626587105148,34583.26,16071.316,46.471373722431025,11132.69,0.0,0.0,18828,1,225
1,490,17,41786,9839.7,0.0,0.0,15471.56,2279.11,14.73096442763367,31522.67,4563.612,14.477238127354061,796.63,0.0,0.0,15639,1,225
1,490,18,41679,9418.69,0.0,0.0,24635.08,2147.62,8.717730975503224,40988.31,3687.433,8.996304068159922,856.28,0.0,0.0,24786,1,225
1,490,19,42189,9411.33,0.0,0.0,14994.36,0.0,0.0,28837.74,0.0,0.0,776.35,0.0,0.0,15247,1,225
1,490,20,43818,10097.26,0.0,0.0,15748.28,0.0,0.0,32277.72,1156.477,3.5828955700712446,695.15,617.06,88.76645328346399,15894,1,225
1,490,21,42410,9439.43,9439.43,100.0,16126.11,2376.328,14.735903450987248,29720.57,14274.048,48.027504183129736,649.43,649.43,100.0,16265,1,225
1,490,22,38721,9385.64,9370.64,99.84018138347518,14870.56,8015.517,53.90191761440053,33759.2,24580.096,72.81006658925568,658.72,0.0,0.0,15014,1,225
1,490,23,21516,9513.57,6690.038,70.32100462812592,14141.9,8099.911,57.27597423259958,30993.56,20389.804,65.78722805640913,623.96,0.0,0.0,14297,1,225
1,490,24,20940,9618.08,0.0,0.0,15653.38,1886.361,12.050822250529919,34176.2,5838.477,17.083458664216618,556.07,0.0,0.0,15814,1,225
1,490,25,23082,10219.86,0.0,0.0,14617.19,2169.199,14.84005475744654,32858.84,5872.417,17.87165036866792,746.14,0.0,0.0,14766,1,225
1,490,26,,,,,,,,,,,924.84,0.0,0.0,,,
1,491,0,,,,,,,,,,,12116.65,11507.319,94.97112650773934,,,
1,491,1,554,10725.34,10725.34,100.0,15422.99,8894.481,57.67027664544942,33060.96,26444.611,79.98742625743476,25459.3,23361.761,91.7612071031018,15573,1,225
1,491,2,33855,11729.79,11729.79,99.99999999999999,16129.97,11503.637,71.3184029480526,31963.75,27337.417,85.5263134019006,715.43,682.549,95.40402275554561,16395,1,225
1,491,3,66182,10230.98,10215.32,99.84693548418628,15038.36,11747.991,78.12016070901349,29715.7,26408.071,88.86908603869335,714.8,481.126,67.30917739227756,15204,1,225
1,491,4,72310,9487.06,9487.06,100.0,14582.6,13052.331,89.5061991688725,27958.22,26427.951,94.52658645650546,799.92,776.6,97.08470847084709,14740,1,225
1,491,5,40818,9777.88,9777.88,100.0,14940.31,11269.843,75.43245755944824,29680.86,26002.013,87.60532208298545,813.84,781.86,96.07048068416395,15096,1,225
1,491,6,37898,10135.72,10135.72,100.0,14845.06,11435.311,77.03108643548762,33712.93,30183.381,89.53057773382497,788.12,772.36,98.00030452215398,15006,1,225
1,491,7,22095,9490.87,9469.25,99.77220212688614,14451.94,11240.895,77.78121830010365,32375.79,29029.704,89.66485142138617,812.04,779.199,95.9557410964977,14608,1,225
1,491,8,21620,9527.05,9518.95,99.91497892841963,14319.79,11344.332,79.22135729644079,32490.19,29406.09,90.5075962929118,728.46,696.598,95.6261153666639,14524,1,225
1,491,9,21850,9886.42,9743.657,98.55596869240837,13918.13,10553.443,75.82515036143504,36153.33,31776.324,87.89321481589663,818.93,740.55,90.4289743934158,14060,1,225
1,491,10,20755,9325.87,9325.87,100.0,16247.97,12761.463,78.54189169477787,33624.66,30031.349,89.31346517704564,819.07,795.448,97.11599741169863,16386,1,225
1,491,11,23314,9327.25,9327.25,100.0,15006.25,12134.39,80.8622407330279,31243.46,28323.346,90.6536792019834,1414.11,1397.489,98.82463174717667,15162,1,225
1,491,12,37886,9522.19,9522.19,100.0,14704.29,11738.992,79.8337900027815,36278.82,32574.246,89.78860392923475,1028.1,1002.96,97.55471257659761,14870,1,225
1,491,13,22432,10355.44,10355.44,100.0,16157.03,12836.121,79.44604299181222,40492.4,36417.795,89.93735861544388,840.43,824.91,98.15332627345526,16342,1,225
1,491,14,25605,10341.23,10341.23,100.0,16351.7,12330.143,75.40587828788443,39023.11,34229.795,87.71672734438644,789.35,764.888,96.90099448913664,16577,1,225
1,491,15,25391,9794.99,9794.99,100.0,14808.37,11733.107,79.23294055996709,34974.26,31525.269,90.13848756199559,870.49,854.99,98.21939367482682,14990,1,225
1,491,16,23268,9675.11,9675.11,100.0,15161.24,12080.099,79.67751318493737,37222.78,33219.899,89.24615249049104,785.53,752.85,95.83975150535308,15384,1,225
1,491,17,24456,10204.61,10203.93,99.99333634504404,14375.8,11305.901,78.64536930118673,36601.22,32990.473,90.1348998749222,630.42,597.82,94.82884426255514,14532,1,225
1,491,18,23730,9937.07,9937.07,100.0,13987.6,10736.335,76.75609110926821,34046.54,30036.079,88.22065032158922,672.3,639.62,95.13907481778968,14130,1,225
1,491,19,20656,9357.14,9344.02,99.85978621672862,14225.4,10795.17,75.88658315407652,31163.78,27609.867,88.59601434742511,763.93,730.389,95.60941447514824,14375,1,225
1,491,20,20584,9355.12,9341.98,99.85954215445659,14262.33,11291.849,79.17254053159617,31119.36,28035.498,90.09021393756169,6171.15,6119.43,99.16190661384022,14412,1,225
1,491,21,20779,9379.36,9372.06,99.92216952969072,16414.83,12928.801,78.76292961913097,35335.4,31204.68,88.30996677552822,5361.48,5337.199,99.54712131724821,16560,1,225
1,491,22,23824,9557.99,9557.99,100.0,16021.11,12118.19,75.6388914376095,33344.83,29376.569,88.09932154399947,5352.25,5289.609,98.8296323975898,16160,1,225
1,491,23,40310,9398.64,9391.799,99.9272128733519,15173.17,11744.638,77.40398347873253,30911.52,27407.664,88.66488610071585,5542.74,5486.458,98.98458163291079,15315,1,225
1,491,24,37007,9297.57,9291.309,99.93265982401853,14905.7,11644.473,78.12094031142449,30869.08,27533.752,89.1952465055648,685.36,662.68,96.69079024162484,15042,1,225
1,491,25,36951,9254.03,9247.79,99.932569918187,14613.26,11304.795,77.35984304665763,29868.57,26483.462,88.66665528346353,656.62,630.92,96.08601626511528,14765,1,225
1,491,26,,,,,,,,,,,735.13,702.369,95.54350931127829,,,
1,492,0,,,,,,,,,,,11925.85,11903.249,99.81048730279183,,,
1,492,1,781,10208.84,10208.84,100.0,15035.08,11576.089,76.9938636841307,32014.78,28476.428,88.94775475577218,21718.88,21500.894,98.99632946081934,15188,1,225
1,492,2,33087,9827.27,9827.27,100.0,14984.96,11409.067,76.13678648458188,28315.78,24739.887,87.37137737332328,794.15,762.17,95.97305294969465,15125,1,225
1,492,3,61683,9382.8,9382.8,100.0,14525.26,7265.697,50.02111494045545,27869.46,19407.972,69.63885199067367,796.92,0.0,0.0,14667,1,225
1,492,4,65414,9246.98,9232.88,99.84751778418466,15633.82,12080.248,77.26996984742053,28419.13,24851.458,87.44623076075868,5285.73,3100.628,58.66035533407874,15774,1,225
1,492,5,41823,9972.19,9919.389,99.47051750919306,15349.23,4427.511,28.84516682595805,28885.06,17547.052,60.74784681077345,5655.91,1265.474,22.374365928736488,15490,1,225
1,492,6,38857,9307.88,9302.12,99.93811695036895,15398.6,1946.076,12.638006052498278,31085.25,17529.837,56.39278114218158,669.17,0.0,0.0,15545,1,225
1,492,7,37198,9353.53,9353.53,100.0,26877.93,1957.134,7.281565209820846,42138.16,15933.433,37.81236057768066,690.22,0.0,0.0,27026,1,225
1,492,8,48565,9307.27,0.0,0.0,16073.53,0.0,0.0,29004.76,0.0,0.0,744.21,0.0,0.0,16220,1,225
1,492,9,46999,9311.82,0.0,0.0,15024.34,0.0,0.0,28270.49,0.0,0.0,699.08,0.0,0.0,15165,1,225
1,492,10,45013,9349.87,0.0,0.0,17971.57,0.0,0.0,31054.77,0.0,0.0,690.35,0.0,0.0,18111,1,225
1,492,11,44911,9279.43,0.0,0.0,15373.41,0.0,0.0,28624.7,0.0,0.0,673.16,0.0,0.0,15514,1,225
1,492,12,42634,9290.91,0.0,0.0,14809.0,0.0,0.0,27649.56,0.0,0.0,685.14,0.0,0.0,14949,1,225
1,492,13,39825,9394.41,5089.033,54.17086331126703,15937.1,1638.31,10.279850160945216,28988.58,9176.083,31.65413069560496,757.28,0.0,0.0,16075,1,225
1,492,14,38060,9344.17,2298.354,24.59666294598664,27264.02,2049.984,7.519008568802399,42699.5,8803.538,20.6174264335648,749.84,0.0,0.0,27413,1,225
1,492,15,49092,9763.5,0.0,0.0,14364.87,0.0,0.0,28315.63,0.0,0.0,793.79,0.0,0.0,14507,1,225
1,492,16,46299,9340.8,0.0,0.0,14337.99,0.0,0.0,27193.97,0.0,0.0,5471.03,0.0,0.0,14477,1,225
1,492,17,41843,9597.23,3762.608,39.2051456514015,14616.7,2958.677,20.241757715489815,28453.33,8751.633,30.75785154145402,723.97,0.0,0.0,14765,1,225
1,492,18,38729,9605.96,711.033,7.4019983426955775,14285.92,2102.918,14.720214028917985,30519.61,7912.061,25.924515418119693,3369.76,0.0,0.0,14432,1,225
1,492,19,36782,9314.76,0.0,0.0,14536.52,0.0,0.0,44118.33,0.0,0.0,724.43,0.0,0.0,14707,1,225
1,492,20,33391,9594.21,0.0,0.0,14001.31,0.0,0.0,27886.29,0.0,0.0,710.32,0.0,0.0,14140,1,225
1,492,21,46967,9293.84,0.0,0.0,14164.68,0.0,0.0,26898.69,0.0,0.0,685.24,188.939,27.57267526705971,14305,1,225
1,492,22,39021,9370.83,2080.506,22.201939422655194,13290.23,2038.963,15.341818764611297,27370.64,7415.109,27.091471006889137,5297.87,0.0,0.0,13430,1,225
1,492,23,35079,9529.78,0.0,0.0,14754.49,1934.841,13.11357424079043,33057.33,6495.089,19.647954024115077,5416.74,0.0,0.0,14894,1,225
1,492,24,21521,9332.9,0.0,0.0,14281.02,1914.321,13.404651768571151,29884.89,5131.202,17.169887525100478,632.9,0.0,0.0,14421,1,225
1,492,25,35956,9966.46,0.0,0.0,15029.57,0.0,0.0,46915.04,0.0,0.0,8322.82,0.0,0.0,15171,1,225
1,492,26,,,,,,,,,,,640.49,0.0,0.0,,,
1,493,0,,,,,,,,,,,11276.83,9827.093,87.1441087610614,,,
1,493,1,524,9998.77,9384.683,93.85837458007335,14835.6,6009.802,40.50932891153711,31134.9,21458.863,68.9222159056236,22190.08,17592.355,79.28026848032994,14980,1,225
1,493,2,31911,9698.8,9698.8,100.0,15114.3,5590.888,36.990717400078076,28630.61,19107.198,66.73695740328272,737.23,0.0,0.0,15259,1,225
1,493,3,60793,9292.33,9284.23,99.91283133509035,14110.03,2668.072,18.90904555128515,26779.71,14190.372,52.98926687406249,711.4,632.298,88.8807984256396,14249,1,225
1,493,4,65253,10199.26,7037.454,68.99965291599587,13506.21,12257.447,90.75415679157958,27463.97,22883.151,83.32062334760779,650.87,618.849,95.08027716748353,13645,1,225
1,493,5,39773,9311.94,9311.94,100.0,13526.46,10444.981,77.21888062360736,27013.48,23673.896,87.63734254157555,700.64,700.64,100.0,13668,1,225
1,493,6,34825,9262.32,9242.939,99.79075436823604,15094.33,8210.67,54.39572342727369,32654.68,23812.082,72.92088607207297,5314.31,0.0,0.0,15246,1,225
1,493,7,21420,9327.73,1576.525,16.901486213687576,15107.34,1980.454,13.109217109034416,31983.48,9377.408,29.319536210568703,5568.73,0.0,0.0,15255,1,225
1,493,8,22010,9410.04,1548.648,16.457400818700023,15445.64,2031.194,13.150597838613356,31604.03,8542.852,27.03089447769794,874.07,841.89,96.31837267038108,15593,1,225
1,493,9,37690,9375.08,963.0,10.271912346347978,14757.17,2401.259,16.271812278370447,31106.79,8421.607,27.0732113471046,872.08,840.339,96.36031098064399,14906,1,225
1,493,10,37622,9583.12,3036.534,31.686277538004322,15406.56,3545.489,23.012852966528545,36307.83,15517.771,42.73946143297465,695.48,695.48,100.0,15562,1,225
1,493,11,22694,9712.36,7087.022,72.9691032869457,15987.67,2386.141,14.924882737759786,36546.12,17585.931,48.11983050457887,639.15,606.93,94.9589298286787,16154,1,225
1,493,12,23909,9531.25,8165.84,85.67438688524591,14977.31,2590.383,17.295382148062636,33796.94,18077.738,53.48927447277771,768.53,0.0,0.0,15178,1,225
1,493,13,23636,10112.61,8550.144,84.54932999492712,16657.3,2031.033,12.19305049437784,34611.13,16696.614,48.24059197142654,18177.48,9724.774,53.49902186661737,16808,1,225
1,493,14,23435,9480.19,5846.936,61.67530397597516,13694.71,7604.113,55.52591475102431,36463.45,17080.239,46.84208159129211,679.83,648.169,95.34280628980774,13834,1,225
1,493,15,44026,9924.62,9198.324,92.68187598114588,14393.63,8258.445,57.37569327542809,30974.07,22497.609,72.63368682255835,641.36,608.699,94.90754022701758,14532,1,225
1,493,16,38640,9372.7,6748.752,72.00435306795268,13359.79,1988.559,14.884657618121242,30383.89,14965.539,49.254848539801856,687.38,0.0,0.0,13504,1,225
1,493,17,19723,9521.57,4487.471,47.1295280085112,13041.34,2043.63,15.67039890072646,30666.74,13018.038,42.45002240212034,668.7,654.159,97.8254822790489,13183,1,225
1,493,18,19511,9547.7,7.18,0.0752013573949747,14340.4,2149.813,14.991304287188644,32375.45,4185.383,12.927644248960245,663.34,646.34,97.43721168631471,14488,1,225
1,493,19,20875,9618.69,107.61,1.118759415263409,14356.44,7509.472,52.30734081708278,31351.54,13603.93,43.39158459201685,5374.77,0.0,0.0,14502,1,225
1,493,20,20851,9277.89,0.0,0.0,14902.43,6633.641,44.513820900349806,32036.37,12550.726,39.17649221806341,690.65,0.0,0.0,15046,1,225
1,493,21,21982,9557.64,0.0,0.0,15114.47,1706.183,11.28840773113447,30427.75,6146.944,20.201769766085235,5285.31,0.0,0.0,15258,1,225
1,493,22,36571,9475.04,0.0,0.0,14887.01,1959.302,13.161151903572307,30999.31,4725.854,15.245029647434087,697.41,0.0,0.0,15030,1,225
1,493,23,36982,9426.89,0.0,0.0,14388.07,0.0,0.0,45905.91,0.0,0.0,18906.2,0.0,0.0,14529,1,225
1,493,24,52291,9580.96,0.0,0.0,14838.45,0.0,0.0,32224.83,0.0,0.0,19765.37,0.0,0.0,14984,1,225
1,493,25,55903,9714.52,0.0,0.0,14843.85,0.0,0.0,28659.22,0.0,0.0,651.75,0.0,0.0,14986,1,225
1,493,26,,,,,,,,,,,695.74,0.0,0.0,,,
1,494,0,,,,,,,,,,,13454.53,13429.469,99.81373559685845,,,
1,494,1,780,11648.05,11648.05,100.0,16098.18,12670.671,78.70871738295882,36124.18,32606.668,90.26272153444037,22086.55,21870.682,99.02262689283751,16263,1,225
1,494,2,37180,9945.39,9945.39,100.0,17680.74,14836.862,83.91539041917927,32033.51,28954.928,90.38949525044242,1061.13,1041.04,98.10673527277524,17858,1,225
1,494,3,69569,10816.81,10816.81,100.0,15818.39,9067.557,57.32288178506157,32061.56,24502.831,76.42432557866802,1087.71,986.028,90.65173621645475,15977,1,225
1,494,4,73676,9556.74,9556.74,100.0,15703.1,14220.353,90.55761601212498,29327.91,27845.163,94.94424594183492,705.58,673.619,95.47025142436011,15853,1,225
1,494,5,44901,9565.23,9546.009,99.79905344670229,15102.2,11524.907,76.31276900054296,32288.07,28640.455,88.70290172190533,738.29,704.289,95.3946281271587,15263,1,225
1,494,6,39555,9430.08,9430.08,100.0,15848.6,12301.962,77.62175838875358,35602.26,31365.448,88.09959817157674,732.22,701.339,95.7825516921144,16047,1,225
1,494,7,23427,9373.94,9373.94,100.0,14666.74,10965.346,74.76334891052817,32144.63,28334.234,88.14608847574229,737.4,705.5,95.67398969351777,14820,1,225
1,494,8,21714,9359.44,9359.44,100.0,14347.27,11311.227,78.83888014932458,32788.32,29633.875,90.37936374904234,949.85,925.37,97.422750960678,14501,1,225
1,494,9,22005,9478.89,8888.384,93.7703043288824,14226.54,11307.745,79.48345135219104,32566.96,28708.848,88.15329401331903,1110.0,1085.48,97.79099099099099,14379,1,225
1,494,10,21304,9732.29,9732.29,100.0,14761.18,11290.433,76.48733366844657,35673.52,31476.091,88.23376835254834,957.46,933.379,97.4849079857122,14948,1,225
1,494,11,23659,9769.65,9753.189,99.8315088053308,14853.78,11826.797,79.62146335814856,37920.73,34152.474,90.06280733519634,816.34,785.0,96.16091334492981,15065,1,225
1,494,12,23639,9505.05,9485.11,99.79021677950143,14324.45,11280.324,78.74874078934968,34967.55,31225.351,89.2980806490589,802.84,771.22,96.06148173982362,14495,1,225
1,494,13,22766,9521.0,9521.0,100.0,14671.3,11842.181,80.71664406017192,35950.38,32473.388,90.32835814252867,732.49,698.869,95.41003972750482,14879,1,225
1,494,14,22906,9475.13,9474.79,99.99641165873187,15077.53,11771.202,78.07115621723186,37430.32,33493.323,89.48179710993654,844.0,818.787,97.01267772511848,15282,1,225
1,494,15,23984,9485.86,9485.86,100.0,14242.12,11113.577,78.03316500633332,34143.66,30319.344,88.79933785657424,817.74,785.7,96.08188421747744,14405,1,225
1,494,16,21256,9424.51,9424.51,100.0,14648.39,11481.368,78.37972637265939,34096.81,30250.233,88.7186601913786,737.62,705.6,95.65901141509178,14813,1,225
1,494,17,22083,9758.01,9742.91,99.84525533382319,14068.23,10673.16,75.8671133468816,33811.03,29668.146,87.74694530157763,731.61,699.389,95.59587758505214,14229,1,225
1,494,18,21389,9333.49,9325.63,99.91578712785892,13417.34,10094.836,75.23723778334603,33279.95,29262.473,87.92823607006623,960.56,928.419,96.65393104022654,13571,1,225
1,494,19,20595,9424.84,9424.84,100.0,14149.21,10928.129,77.23490569438154,34955.96,31047.905,88.8200610139158,821.02,743.74,90.58731821392902,14306,1,225
1,494,20,22126,10042.97,10035.35,99.92412603044717,15038.75,11998.108,79.78128501371458,36467.98,32640.784,89.5053249453356,731.71,686.39,93.80628937693895,15272,1,225
1,494,21,22785,9494.56,9486.879,99.91910104312366,14551.58,11586.337,79.62253583459665,35292.99,31461.829,89.14469700640271,723.2,690.719,95.50871128318585,14721,1,225
1,494,22,21956,9510.01,9510.01,100.0,14683.42,11003.485,74.93816154547102,33716.7,29263.05,86.79096708752637,692.64,647.718,93.51437976437975,14840,1,225
1,494,23,21861,9449.21,9449.21,100.0,13746.82,10827.1,78.76076067046779,31474.78,28432.676,90.33478867842763,653.18,620.718,95.03016013962461,13895,1,225
1,494,24,20556,9264.78,9257.36,99.9199117518171,14603.3,11231.753,76.91243075195334,33104.22,29133.442,88.00522108661674,756.49,756.49,100.0,14770,1,225
1,494,25,22089,9368.77,9368.77,100.0,15251.08,11936.918,78.26932912292114,33170.87,29742.026,89.66308691933615,637.07,603.669,94.7570910574976,15417,1,225
1,494,26,,,,,,,,,,,616.15,582.11,94.47537125699911,,,
1,495,0,,,,,,,,,,,13025.87,12994.29,99.75755937991089,,,
1,495,1,754,11157.24,11157.24,100.0,15137.44,11423.787,75.46710011732499,34775.94,30976.806,89.07539523015049,22222.85,21942.468,98.73831664255486,15322,1,225
1,495,2,35930,11014.37,11014.37,99.99999999999999,15506.17,12576.255,81.10484407174692,30248.78,27318.865,90.31393993410644,796.38,691.894,86.87988146362288,15689,1,225
1,495,3,66461,9423.93,9371.101,99.43941646425642,14201.85,10570.199,74.42832447885311,28120.64,24397.067,86.75857661845534,785.02,530.976,67.63853150238211,14347,1,225
1,495,4,66870,9316.64,9316.64,100.0,15030.0,13600.513,90.48910844976713,28019.33,26589.823,94.89813996266147,944.82,913.18,96.65121398784953,15171,1,225
1,495,5,40059,9412.51,9401.37,99.88164687208833,14777.71,11887.411,80.44149600986893,30223.55,27311.97,90.36651882389727,783.47,751.929,95.97419173676082,14920,1,225
1,495,6,37636,9981.55,9981.55,100.0,16054.89,12828.07,79.90132601344513,37785.98,33943.207,89.83016187485411,722.94,692.48,95.78664896118626,16216,1,225
1,495,7,24320,9625.57,9625.57,100.0,14207.03,10849.761,76.36895959253975,33149.68,29229.38,88.17394315721901,694.88,678.54,97.64851485148515,14359,1,225
1,495,8,21065,9317.08,9317.08,100.0,14304.29,10916.581,76.31683222306036,31833.4,28327.111,88.985502648162,701.44,669.819,95.49198791058393,14445,1,225
1,495,9,20995,9323.75,9323.75,100.0,13535.13,10753.874,79.45157527116474,30678.82,27797.164,90.60701813172736,856.14,833.0,97.29717102343075,13691,1,225
1,495,10,20691,9308.55,8920.61,95.83243362285212,14109.69,10939.312,77.53049145658055,32530.98,28828.671,88.61912859680217,5740.39,5695.45,99.21712636249453,14262,1,225
1,495,11,21887,10118.88,10118.24,99.99367518934903,16165.03,12730.303,78.7521149048285,35694.0,32148.932,90.06816831960555,689.66,658.0,95.40933213467507,16357,1,225
1,495,12,24052,9376.28,9375.66,99.99338756948384,13938.96,10428.109,74.81267612504807,29514.62,25937.327,87.87958984394854,706.08,682.079,96.6008101065035,14085,1,225
1,495,13,36125,9383.6,9382.96,99.99317958992283,13928.56,11225.968,80.59675946400777,31978.89,29164.277,91.19852815404161,705.19,672.51,95.36578794367475,14083,1,225
1,495,14,20975,9317.2,9302.36,99.8407246812347,14353.63,11012.417,76.72217411205389,34002.56,29979.993,88.16981133185266,827.34,795.318,96.12952353325115,14505,1,225
1,495,15,21696,9324.87,9324.87,100.0,13840.43,10580.601,76.44705402939071,30861.12,27501.709,89.11442293733992,784.81,752.029,95.82306545533314,13990,1,225
1,495,16,20542,9508.54,9508.54,100.0,14107.79,10968.804,77.74998068443037,33219.11,29327.669,88.28553504293163,704.63,672.909,95.49820473156123,14291,1,225
1,495,17,21598,9487.71,9487.71,100.0,14055.19,10959.686,77.97607858734033,33134.89,29233.17,88.22473833472814,714.77,681.41,95.33276438574647,14199,1,225
1,495,18,21083,9590.52,9074.83,94.62291929947489,13970.72,10681.312,76.4549858561334,32200.73,28285.63,87.84157998902509,758.69,724.289,95.46573699402917,14114,1,225
1,495,19,20707,9386.12,9386.12,100.0,14436.28,9575.879,66.33203983297636,32778.0,27242.726,83.11283787906522,679.58,647.399,95.2645751787869,14580,1,225
1,495,20,21274,9325.87,9325.87,100.0,14097.49,8622.237,61.16150463664099,31738.22,26140.564,82.3630436741569,668.58,637.319,95.32426934697418,14244,1,225
1,495,21,20816,9237.1,9237.1,100.0,13722.38,7583.757,55.26560990148939,31181.21,24911.544,79.89280723871846,697.42,665.22,95.38298299446532,13873,1,225
1,495,22,20428,9266.7,8808.69,95.05746382207258,14061.43,4547.06,32.33710938361177,31537.55,21440.007,67.98247485933436,725.69,694.65,95.72269150739295,14206,1,225
1,495,23,20721,9289.48,9289.48,100.0,15606.37,2565.66,16.439825532779242,33380.29,19011.778,56.95510134873004,585.11,560.13,95.73071730102032,15778,1,225
1,495,24,22540,9328.62,7274.414,77.97952966247955,14430.77,8107.234,56.18018996907303,31762.66,21804.315,68.64763530510353,558.21,541.309,96.97228641550669,14573,1,225
1,495,25,21175,9257.61,8770.195,94.73498019467227,14517.31,11344.491,78.14458050423943,30858.66,26931.715,87.27441502644639,609.32,0.0,0.0,14666,1,225
1,495,26,,,,,,,,,,,609.98,0.0,0.0,,,
1,496,0,,,,,,,,,,,11401.74,11370.579,99.72669960900704,,,
1,496,1,550,10011.75,10011.75,100.0,26568.25,18827.037,70.8629172038053,42950.5,35140.865,81.81712669235516,31448.06,28126.404,89.43764416628561,26718,1,225
1,496,2,43753,9850.87,9850.87,100.0,15400.61,12228.091,79.4000432450403,29329.01,26156.491,89.18300003989225,698.33,653.668,93.60445634585368,15547,1,225
1,496,3,73330,9626.96,9626.96,100.0,14710.34,11559.414,78.58019597099728,27937.2,24771.014,88.66677405037011,717.94,633.086,88.18090648243584,14852,1,225
1,496,4,78348,9263.75,9262.57,99.98726217784375,13760.23,12145.996,88.26884434344484,26963.82,25332.306,93.9492475472689,5485.32,5397.519,98.39934589048589,13900,1,225
1,496,5,40658,9265.52,9265.52,100.0,14709.48,11033.768,75.01127164250538,27931.24,24153.266,86.47401977141007,661.4,645.739,97.63214393710312,14850,1,225
1,496,6,37132,9611.62,9605.839,99.9398540516583,14212.27,7431.354,52.28829736558622,29598.3,22741.242,76.8329329725018,6027.38,0.0,0.0,14361,1,225
1,496,7,35839,9326.75,9319.03,99.9172273299917,15231.74,2092.342,13.736723447222708,33510.16,17402.029,51.93060552381725,671.61,0.0,0.0,15391,1,225
1,496,8,23706,9906.47,0.0,0.0,14665.51,2965.232,20.21908545969421,31935.39,6910.177,21.637991582379296,5337.03,0.0,0.0,14831,1,225
1,496,9,39694,9302.82,0.0,0.0,15519.39,2232.453,14.384927500372115,32642.63,3627.953,11.114156549273144,728.48,0.0,0.0,15661,1,225
1,496,10,22348,9347.53,0.0,0.0,17456.47,0.0,0.0,36399.47,0.0,0.0,703.66,0.0,0.0,17608,1,225
1,496,11,42899,9417.49,0.0,0.0,13980.02,0.0,0.0,31723.59,0.0,0.0,676.64,0.0,0.0,14135,1,225
1,496,12,43424,9609.11,0.0,0.0,15566.16,0.0,0.0,36548.41,0.0,0.0,18408.9,0.0,0.0,15733,1,225
1,496,13,49314,9639.04,0.0,0.0,13872.93,0.0,0.0,27335.19,0.0,0.0,694.51,0.0,0.0,14019,1,225
1,496,14,48352,9407.38,0.0,0.0,14016.67,3495.63,24.939090383093845,28091.89,3495.63,12.443555773570237,934.95,0.0,0.0,14157,1,225
1,496,15,61462,9217.84,0.0,0.0,13754.6,0.0,0.0,26309.96,0.0,0.0,761.42,0.0,0.0,13893,1,225
1,496,16,38972,9312.31,0.0,0.0,14172.68,0.0,0.0,31308.28,0.0,0.0,739.5,0.0,0.0,14318,1,225
1,496,17,40146,9384.79,0.0,0.0,14452.03,0.0,0.0,32991.0,0.0,0.0,1186.97,0.0,0.0,14600,1,225
1,496,18,42184,9264.88,0.0,0.0,14858.83,0.0,0.0,33479.18,0.0,0.0,727.7,0.0,0.0,15011,1,225
1,496,19,43687,9289.17,0.0,0.0,14631.14,0.0,0.0,32673.47,0.0,0.0,728.89,0.0,0.0,14797,1,225
1,496,20,43373,9353.66,0.0,0.0,13918.28,0.0,0.0,31628.14,0.0,0.0,681.33,0.0,0.0,14066,1,225
1,496,21,41303,9909.06,0.0,0.0,15148.31,0.0,0.0,34589.51,0.0,0.0,750.02,0.0,0.0,15294,1,225
1,496,22,43792,9340.31,0.0,0.0,14881.87,0.0,0.0,32084.12,0.0,0.0,709.25,0.0,0.0,15034,1,225
1,496,23,44681,9638.0,0.0,0.0,14771.92,0.0,0.0,33218.41,0.0,0.0,3163.63,0.0,0.0,14919,1,225
1,496,24,47031,9327.21,0.0,0.0,14334.05,0.0,0.0,32291.42,0.0,0.0,643.28,0.0,0.0,14481,1,225
1,496,25,47506,9321.61,0.0,0.0,15622.56,0.0,0.0,34362.0,0.0,0.0,608.31,0.0,0.0,15761,1,225
1,496,26,,,,,,,,,,,685.42,0.0,0.0,,,
1,497,0,,,,,,,,,,,12100.59,12076.009,99.79686114478714,,,
1,497,1,790,10234.15,10234.15,100.0,14752.79,11367.245,77.05149331075681,31927.92,28475.254,89.1860603509405,21451.8,21064.792,98.19591829123898,14895,1,225
1,497,2,32981,9645.84,9645.84,100.0,15788.1,10558.535,66.8765399256402,31161.46,25887.055,83.07394775469442,837.42,837.42,100.0,15925,1,225
1,497,3,64477,9715.17,9715.17,100.0,37827.01,26049.055,68.86363738503255,51897.01,39247.66,75.62605244502525,32216.93,26875.315,83.41985099138869,38024,1,225
1,497,4,92456,11046.79,11046.79,99.99999999999999,22954.9,18109.359,78.89103851465265,38922.46,34076.919,87.55078430294489,744.99,706.879,94.88436086390422,23183,1,225
1,497,5,76495,9387.48,9387.48,100.0,15210.85,9023.908,59.325468333459334,28445.06,22258.118,78.24950272560507,728.86,594.332,81.54268309414702,15350,1,225
1,497,6,83849,10154.22,10154.22,100.0,14759.42,13515.033,91.56886246207507,29142.42,27642.587,94.85343701724155,667.62,636.639,95.35948593511279,14899,1,225
1,497,7,43220,9401.11,9401.11,100.0,14271.81,9821.162,68.8151117482646,27246.53,22784.901,83.62496435325893,721.19,697.27,96.68325961258475,14406,1,225
1,497,8,35986,9451.26,9204.175,97.3856924896786,14427.74,6215.595,43.08086366956987,32022.33,23394.313,73.05624856155063,709.24,694.26,97.88787998420845,14572,1,225
1,497,9,21035,9392.37,9384.77,99.91908325587684,14583.27,2343.647,16.070792078868454,31806.27,19142.92,60.18599477398638,5536.02,631.568,11.408340287787976,14726,1,225
1,497,10,21453,9516.76,9516.76,100.0,15174.89,2164.826,14.26584311319555,32950.3,19067.664,57.86795264383025,700.67,668.127,95.35544550216221,15320,1,225
1,497,11,22598,9397.37,9391.729,99.9399725667926,14124.02,2273.341,16.0955662764567,29990.42,16565.969,55.23753585311577,682.52,682.52,100.0,14268,1,225
1,497,12,36330,9583.04,7763.468,81.01258055898754,14503.26,2263.605,15.60755995548587,32458.07,16557.768,51.01279281238842,725.87,710.33,97.85912077920288,14650,1,225
1,497,13,21405,9423.75,6172.215,65.49637883008357,14012.07,2128.076,15.187449106377574,30511.98,13999.059,45.8805328267782,5377.58,0.0,0.0,14153,1,225
1,497,14,20623,9525.39,3650.757,38.326588202687766,15057.55,2062.9,13.700103934571029,32535.79,11851.934,36.427374285363896,747.44,704.808,94.29626458311034,15196,1,225
1,497,15,22019,9366.65,1864.969,19.91073649597241,13507.58,2220.593,16.439606502423082,29224.28,9099.281,31.13603140949923,700.25,0.0,0.0,13648,1,225
1,497,16,35411,9328.87,956.912,10.25753387066172,15118.69,2825.555,18.689152300893795,34010.79,10924.618,32.12103570660958,11249.07,0.0,0.0,15265,1,225
1,497,17,21933,9478.13,0.0,0.0,14456.59,2171.413,15.02022952854027,32552.09,6420.97,19.725215800275805,649.5,0.0,0.0,14596,1,225
1,497,18,21580,9464.67,0.0,0.0,14658.45,1959.231,13.365881112941683,31003.64,3717.614,11.990895262620777,723.18,0.0,0.0,14796,1,225
1,497,19,32084,9267.54,0.0,0.0,14643.65,0.0,0.0,35513.8,0.0,0.0,794.6,0.0,0.0,14790,1,225
1,497,20,25758,9546.44,0.0,0.0,14835.43,0.0,0.0,34665.8,0.0,0.0,774.47,0.0,0.0,14981,1,225
1,497,21,42507,9323.74,0.0,0.0,14335.78,0.0,0.0,32512.72,0.0,0.0,831.05,0.0,0.0,14488,1,225
1,497,22,42951,9370.64,0.0,0.0,14822.18,0.0,0.0,33553.55,0.0,0.0,1321.36,0.0,0.0,14972,1,225
1,497,23,45157,9722.38,0.0,0.0,14107.92,0.0,0.0,31739.06,0.0,0.0,706.99,0.0,0.0,14257,1,225
1,497,24,45393,9296.87,0.0,0.0,13241.12,0.0,0.0,31964.18,0.0,0.0,1000.69,0.0,0.0,13386,1,225
1,497,25,44784,9369.94,0.0,0.0,14898.92,0.0,0.0,35699.84,0.0,0.0,1224.27,0.0,0.0,15049,1,225
1,497,26,,,,,,,,,,,992.54,0.0,0.0,,,
1,498,0,,,,,,,,,,,12019.48,11995.679,99.80197978614716,,,
1,498,1,961,10084.49,10084.49,100.0,14025.29,10315.734,73.55094974863265,30787.68,27002.504,87.70554975236847,20306.26,19973.31,98.36035784039012,14171,1,225
1,498,2,32032,9673.1,9673.1,100.0,16639.46,8775.363,52.738267948599294,29973.96,22109.863,73.76357011219072,750.6,0.0,0.0,16784,1,225
1,498,3,62262,9323.19,9315.43,99.91676668608062,15228.27,6312.47,41.45231204857807,28436.48,18489.018,65.01865913080663,790.7,0.0,0.0,15365,1,225
1,498,4,66244,9202.29,9188.27,99.84764661839607,13565.32,8827.485,65.07391642806805,26253.86,21346.978,81.30986453039667,712.41,687.249,96.46818545500486,13701,1,225
1,498,5,40111,10069.82,10061.3,99.91539074184045,14430.41,4341.011,30.082381581673705,28297.07,17025.247,60.16611260459122,5594.2,0.0,0.0,14574,1,225
1,498,6,36987,9236.86,9229.24,99.91750443332474,15225.21,2087.862,13.713190162894307,32293.75,17374.821,53.802426166053806,797.81,0.0,0.0,15369,1,225
1,498,7,22239,9473.16,0.0,0.0,15048.69,0.0,0.0,34102.92,619.497,1.8165511926837936,5545.7,0.0,0.0,15194,1,225
1,498,8,40461,9279.05,9242.029,99.60102596709794,15612.89,1847.142,11.830878203843108,28773.1,13538.501,47.05263249354432,780.31,764.429,97.96478322717894,15759,1,225
1,498,9,37584,9354.9,4114.49,43.98219115116142,14458.3,2348.831,16.2455544566097,30477.25,11555.41,37.91487092831538,785.21,753.768,95.995720889953,14619,1,225
1,498,10,37021,9498.07,1466.17,15.43650446880261,15591.21,2559.357,16.415384052937522,32960.79,10286.865,31.209400624196203,5380.79,0.0,0.0,15743,1,225
1,498,11,22485,9505.72,998.536,10.504580400011783,15119.59,2171.262,14.360587820172373,33493.25,10272.384,30.670012614482022,936.77,904.269,96.53052510221292,15260,1,225
1,498,12,22207,9654.09,0.0,0.0,14612.91,1638.07,11.209745355305685,32165.26,2754.055,8.56220344558073,868.7,837.16,96.36928744100379,14767,1,225
1,498,13,38392,9528.07,0.0,0.0,16478.52,2403.874,14.58792415823751,36699.76,9559.932,26.049031383311497,886.73,871.11,98.2384716881125,16649,1,225
1,498,14,25193,9852.55,2130.744,21.62632008972297,16574.37,3359.085,20.26674317032865,38848.06,15390.348,39.616773656136246,735.47,711.689,96.76655743946047,16910,1,225
1,498,15,26097,9829.89,6683.391,67.99049633312275,16711.83,3396.155,20.321861818843296,36882.77,18321.166,49.67405105419144,1066.45,1040.969,97.61067091753013,16902,1,225
1,498,16,26014,9722.78,9722.78,100.0,14886.13,5005.833,33.627497543014876,34710.8,24708.86,71.18493379582146,849.08,817.1,96.2335704527253,15062,1,225
1,498,17,23303,9376.46,9376.46,100.0,14641.48,7704.039,52.617897917423655,34849.78,27311.325,78.368715670515,641.84,610.039,95.04533840209398,14800,1,225
1,498,18,22280,9332.1,9332.1,100.0,14975.14,8464.23,56.521875588475304,33211.27,26579.379,80.03120326322963,653.9,627.16,95.91068970790641,15126,1,225
1,498,19,22084,9917.17,9917.17,100.0,14408.58,3035.553,21.067676342845722,31975.39,20493.659,64.09197510960773,855.69,0.0,0.0,14553,1,225
1,498,20,21113,9265.1,9257.54,99.91840347109044,13888.6,2310.113,16.633159569719048,31915.27,18334.071,57.44607831924969,816.93,0.0,0.0,14050,1,225
1,498,21,21815,9706.85,0.0,0.0,69766.82,35610.325,51.04192078698727,108716.95,37309.685,34.318185894655805,70697.64,50371.035,71.24853814073568,69975,1,225
1,498,22,97597,37300.61,33423.674,89.6062396834797,21896.47,0.0,0.0,63080.31,33722.774,53.460063845596196,23390.86,0.0,0.0,22049,1,225
1,498,23,144661,9908.04,0.0,0.0,15845.29,0.94,0.005932362235086893,29802.14,0.94,0.0031541359110453145,746.43,0.0,0.0,15999,1,225
1,498,24,151520,9773.79,0.0,0.0,15052.58,0.0,0.0,29129.47,0.0,0.0,774.39,0.0,0.0,15219,1,225
1,498,25,69543,9553.51,0.0,0.0,15767.42,0.0,0.0,34274.16,0.0,0.0,650.74,0.0,0.0,16123,1,225
1,498,26,,,,,,,,,,,693.08,0.0,0.0,,,
1,499,0,,,,,,,,,,,13038.0,12457.075,95.54437030219358,,,
1,499,1,615,11653.15,11653.15,100.0,14787.68,7425.975,50.21730927366565,32955.73,25518.523,77.43273476266495,22174.13,19008.335,85.72302498452025,14938,1,225
1,499,2,33843,9642.55,9642.55,100.0,14312.76,5466.603,38.19391228526155,27896.15,19049.993,68.28896819095107,827.03,0.0,0.0,14458,1,225
1,499,3,61987,9492.92,9492.9,99.99978931666969,14586.31,4419.329,30.297786074750913,27635.52,16011.421,57.9378314574866,661.97,0.0,0.0,14726,1,225
1,499,4,65438,10090.74,7208.055,71.43237265056874,14592.71,9229.903,63.25009542435916,28484.05,20071.978,70.4674300178521,723.84,692.96,95.73386383731211,14730,1,225
1,499,5,40567,9615.45,9379.225,97.5432767057184,14018.58,8213.08,58.58710368667868,27474.18,20215.755,73.5809221603702,711.94,695.94,97.75261960277551,14163,1,225
1,499,6,35617,9447.22,8109.167,85.83654239024816,14688.16,2280.052,15.523060750972213,32791.76,17298.905,52.75381681251631,680.83,664.43,97.59117547699131,14833,1,225
1,499,7,21740,9257.81,7740.552,83.61104840129578,14593.67,2134.806,14.62830117441329,32009.65,15826.596,49.443202284311134,666.34,633.498,95.07128492961552,14731,1,225
1,499,8,22100,9388.96,7477.576,79.64221809444284,13775.47,2253.939,16.361975308283494,30538.84,15664.113,51.29242957492819,985.98,961.94,97.56181666970932,13936,1,225
1,499,9,20446,9547.21,8117.371,85.02348853748897,14013.53,2161.985,15.427840094537208,32511.24,16743.751,51.50142227734162,1240.11,1208.87,97.4808686326213,14185,1,225
1,499,10,21129,9619.37,0.0,0.0,14643.8,2521.476,17.21872737950532,34454.04,9151.563,26.56165430817402,7354.36,2746.713,37.34809011253189,14817,1,225
1,499,11,22620,9521.46,4630.118,48.628235585719004,18602.2,3232.253,17.375649116771132,41219.02,20655.149,50.110723156445744,911.04,0.0,0.0,18782,1,225
1,499,12,28818,9409.41,9403.19,99.9338959615959,25090.34,6198.452,24.70453568983123,43267.92,21971.592,50.78032870542425,802.38,0.0,0.0,25326,1,225
1,499,13,51864,9624.33,0.0,0.0,14791.79,3441.492,23.266230794244645,29095.7,3441.492,11.828180796475081,869.68,0.0,0.0,14969,1,225
1,499,14,45752,9625.84,0.0,0.0,15066.98,5148.152,34.16843985987902,28351.33,6330.152,22.32753101882698,5805.34,1909.849,32.89814205541794,15219,1,225
1,499,15,41448,9266.68,9255.74,99.8819426159099,15439.11,2778.416,17.995959611661554,30387.37,17707.856,58.273736753131324,706.53,690.01,97.6618119541987,15586,1,225
1,499,16,37673,9304.53,9298.53,99.93551528126623,14834.34,2222.492,14.982075373761152,30560.47,16419.911,53.729248928435986,757.26,0.0,0.0,14976,1,225
1,499,17,37232,9241.43,9241.43,100.0,27332.44,2155.299,7.8854979650554435,43841.48,17395.118,39.67730560190942,753.25,0.0,0.0,27478,1,225
1,499,18,33951,9412.67,0.0,0.0,15731.91,0.0,0.0,29854.84,0.0,0.0,791.16,0.0,0.0,15886,1,225
1,499,19,47677,10173.95,0.0,0.0,14807.17,0.0,0.0,28998.3,0.0,0.0,787.52,0.0,0.0,14950,1,225
1,499,20,45345,9542.18,0.0,0.0,16038.07,0.0,0.0,32368.53,0.0,0.0,732.43,0.0,0.0,16186,1,225
1,499,21,44759,9392.49,0.0,0.0,15182.08,0.0,0.0,28705.11,0.0,0.0,726.42,681.218,93.77742903554419,15338,1,225
1,499,22,40943,9349.48,6644.92,71.07261580323184,14088.02,2107.14,14.956963434180246,27108.88,11015.28,40.63347508270353,758.85,0.0,0.0,14230,1,225
1,499,23,35960,9554.91,4612.267,48.27117157566109,16666.15,2357.606,14.146074528310379,36092.51,14405.186,39.91184320514145,5573.92,0.0,0.0,16821,1,225
1,499,24,23988,9555.72,3130.08,32.75608745337871,15826.51,2325.521,14.693833321433468,31749.95,10018.221,31.55350165905773,650.17,0.0,0.0,15970,1,225
1,499,25,38821,9962.22,351.176,3.5250777437157583,14429.63,2837.832,19.666699700546726,31786.26,8863.355,27.88423362798895,693.99,0.0,0.0,14597,1,225
1,499,26,,,,,,,,,,,816.32,0.0,0.0,,,
1,500,0,,,,,,,,,,,11821.83,11790.31,99.73337461289834,,,
1,500,1,740,10167.25,10167.25,100.0,15635.98,9980.166,63.82820904094275,32397.19,26666.733,82.31187025788347,22363.99,20974.615,93.78744580014568,15777,1,225
1,500,2,33397,9574.1,9574.1,100.0,14530.57,7690.213,52.92437254698198,27685.6,20845.243,75.29272618256422,749.59,0.0,0.0,14671,1,225
1,500,3,61323,10097.2,10089.46,99.92334508576633,16236.82,5843.27,35.987773467957396,30163.88,19531.047,64.74978351591373,675.81,0.0,0.0,16375,1,225
1,500,4,68051,9286.91,9254.39,99.64982970654394,15362.54,6346.071,41.308735404431815,28613.2,18037.031,63.03744775138747,701.16,0.0,0.0,15498,1,225
1,500,5,43563,9246.84,0.0,0.0,14595.84,0.0,0.0,27354.18,282.144,1.03144747895934,633.64,610.18,96.29758222334448,14727,1,225
1,500,6,38947,9376.94,9376.94,100.0,13881.06,2219.196,15.987222877791753,27271.87,14404.856,52.819465625202824,674.9,642.999,95.2732256630612,14015,1,225
1,500,7,35320,9372.47,2703.106,28.840913867955837,13784.59,2181.578,15.826208831746174,30284.78,10577.934,34.928218068614,696.25,0.0,0.0,13923,1,225
1,500,8,20039,9293.78,0.0,0.0,13782.96,2060.256,14.947848647895661,31366.77,8262.503,26.341580596280714,1199.58,0.0,0.0,13923,1,225
1,500,9,20371,9342.24,0.0,0.0,13252.5,2126.073,16.042807017543858,30743.85,5507.31,17.913533926297454,675.17,0.0,0.0,13392,1,225
1,500,10,19487,9353.98,0.0,0.0,14226.14,2303.154,16.189591835873962,33352.56,3547.81,10.637294408585129,705.4,0.0,0.0,14365,1,225
1,500,11,22166,9247.38,0.0,0.0,14738.77,0.0,0.0,36240.13,0.0,0.0,721.37,0.0,0.0,14896,1,225
1,500,12,26223,9336.92,0.0,0.0,14477.96,0.0,0.0,34186.77,0.0,0.0,697.35,0.0,0.0,14624,1,225
1,500,13,44195,9357.25,0.0,0.0,14142.67,0.0,0.0,32913.34,0.0,0.0,667.01,0.0,0.0,14302,1,225
1,500,14,46167,9357.73,0.0,0.0,13858.14,0.0,0.0,31745.35,0.0,0.0,1320.02,0.0,0.0,14000,1,225
1,500,15,46468,9607.61,0.0,0.0,13783.13,0.0,0.0,32480.47,0.0,0.0,670.54,0.0,0.0,13927,1,225
1,500,16,50776,9420.76,0.0,0.0,13274.58,0.0,0.0,32671.03,0.0,0.0,16896.95,0.0,0.0,13413,1,225
1,500,17,53645,9709.17,0.0,0.0,14314.4,0.0,0.0,33439.53,0.0,0.0,18250.17,0.0,0.0,14455,1,225
1,500,18,55939,9626.69,0.0,0.0,13862.66,0.0,0.0,31964.91,0.0,0.0,18978.37,0.0,0.0,14000,1,225
1,500,19,72400,9823.81,0.0,0.0,14309.02,0.0,0.0,28246.85,0.0,0.0,677.09,0.0,0.0,14451,1,225
1,500,20,68626,9321.94,0.0,0.0,14246.39,0.0,0.0,26860.58,0.0,0.0,703.98,0.0,0.0,14380,1,225
1,500,21,61378,9312.98,0.0,0.0,13703.51,0.0,0.0,52131.76,0.0,0.0,34273.72,0.0,0.0,13844,1,225
1,500,22,64510,9619.25,0.0,0.0,13504.65,0.0,0.0,32900.09,0.0,0.0,17923.71,0.0,0.0,13646,1,225
1,500,23,69520,9669.02,0.0,0.0,13678.04,0.0,0.0,33130.49,0.0,0.0,17828.06,0.0,0.0,13821,1,225
1,500,24,90165,9614.36,0.0,0.0,13243.16,0.0,0.0,32353.58,0.0,0.0,17258.57,0.0,0.0,13382,1,225
1,500,25,73561,9641.08,0.0,0.0,13805.87,0.0,0.0,33603.07,0.0,0.0,8884.55,0.0,0.0,13962,1,225
1,500,26,,,,,,,,,,,954.36,0.0,0.0,,,
1,501,0,,,,,,,,,,,11767.31,11735.129,99.72652203434771,,,
1,501,1,738,10128.55,10128.55,100.0,26116.96,22132.68,84.7444725572961,42925.44,38873.158,90.55971936455398,34247.47,33157.829,96.81833139791055,26265,1,225
1,501,2,43989,10527.06,10307.236,97.91181963435187,14283.89,11589.858,81.1393674972294,28635.03,25721.174,89.82415593767494,726.05,607.523,83.6750912471593,14421,1,225
1,501,3,72884,9440.1,9297.543,98.48987828518764,13851.1,10768.236,77.7428218697432,26799.69,23276.579,86.85391136987035,684.91,586.443,85.62336657371041,13988,1,225
1,501,4,76128,9325.82,9315.26,99.88676598947868,14348.51,12880.54,89.76918160840394,27545.47,26066.94,94.63240235145743,674.26,657.399,97.499332601667,14487,1,225
1,501,5,38105,9270.14,9270.14,100.0,14649.62,11083.252,75.65555966639407,28166.14,24599.772,87.33810170651712,636.85,603.43,94.75229645913478,14792,1,225
1,501,6,36040,9283.15,9283.15,100.0,13677.09,10248.066,74.92870193878962,30174.2,26643.573,88.29918605961383,719.76,675.278,93.81988440591309,13820,1,225
1,501,7,20261,9273.45,9273.45,100.0,13537.74,8813.887,65.10604428804217,31050.49,26200.895,84.38158302815833,714.06,681.6,95.45416351567096,13685,1,225
1,501,8,20170,9380.04,9360.159,99.7880499443499,14014.31,4554.662,32.50008027509025,32020.75,21856.067,68.25594965764387,692.28,675.9,97.63390535621426,14153,1,225
1,501,9,20509,9450.9,9437.86,99.86202372260843,14726.02,2148.577,14.590344166312418,32092.32,18277.647,56.953336499199814,775.19,0.0,0.0,14866,1,225
1,501,10,21579,9288.98,9281.4,99.91839792958969,17518.15,2234.719,12.756592448403511,34607.92,17734.267,51.24337723850495,719.68,674.939,93.78320920409071,17669,1,225
1,501,11,24520,9572.89,9572.89,100.0,15354.94,2471.949,16.098721323561016,29275.45,14991.318,51.20781405580443,1161.76,1161.76,100.0,15495,1,225
1,501,12,37737,9550.08,4285.1,44.8697811955502,14497.09,2343.388,16.16454060780474,32333.35,13303.787,41.14571178056094,5357.58,0.0,0.0,14650,1,225
1,501,13,21344,9774.59,4336.919,44.36931881541834,15098.36,2194.992,14.537949817066224,33407.77,13115.36,39.25841204007332,5382.2,0.0,0.0,15241,1,225
1,501,14,22732,9557.32,3874.035,40.53474195695028,14624.2,2163.717,14.795455477906485,30530.06,10584.471,34.66901473498577,11158.48,0.0,0.0,14763,1,225
1,501,15,36653,9466.78,650.028,6.8664107542374495,14571.28,2451.091,16.82138425725125,30906.62,7816.399,25.29037144792928,5265.2,0.0,0.0,14717,1,225
1,501,16,37079,9361.08,0.0,0.0,14843.2,2095.406,14.11694243828824,30934.76,4549.372,14.706343285029527,758.55,0.0,0.0,14983,1,225
1,501,17,32076,9215.82,0.0,0.0,14282.0,0.0,0.0,32888.25,0.0,0.0,714.02,0.0,0.0,14429,1,225
1,501,18,38987,9254.56,0.0,0.0,14962.11,0.0,0.0,33785.34,0.0,0.0,727.4,0.0,0.0,15107,1,225
1,501,19,42187,9283.43,0.0,0.0,14585.39,0.0,0.0,33992.03,0.0,0.0,711.2,0.0,0.0,14736,1,225
1,501,20,45225,9368.09,0.0,0.0,15385.55,0.0,0.0,36220.95,0.0,0.0,15586.92,0.0,0.0,15544,1,225
1,501,21,50537,9709.99,0.0,0.0,14161.14,0.0,0.0,31915.32,0.0,0.0,16347.61,0.0,0.0,14303,1,225
1,501,22,53328,9928.97,0.0,0.0,13580.62,0.0,0.0,32396.94,0.0,0.0,16824.01,0.0,0.0,13746,1,225
1,501,23,70003,10297.81,0.0,0.0,15603.55,0.0,0.0,34719.01,0.0,0.0,18253.89,0.0,0.0,15754,1,225
1,501,24,73332,9737.43,0.0,0.0,15207.93,0.0,0.0,32976.01,0.0,0.0,17105.79,0.0,0.0,15363,1,225
1,501,25,74030,9738.64,0.0,0.0,15116.4,0.0,0.0,33290.73,0.0,0.0,7405.62,0.0,0.0,15264,1,225
1,501,26,,,,,,,,,,,661.31,0.0,0.0,,,
1,502,0,,,,,,,,,,,11519.83,11421.005,99.14213143770351,,,
1,502,1,602,10146.85,10146.85,100.0,15431.47,10538.293,68.2909210852887,33303.23,28336.371,85.08595412517043,20284.59,20019.645,98.6938607090407,15595,1,225
1,502,2,34185,9822.69,9822.69,100.0,16886.48,5240.729,31.035058816283797,30604.8,17461.749,57.05558931932246,676.71,0.0,0.0,17033,1,225
1,502,3,65040,9282.8,0.0,0.0,14862.32,0.0,0.0,27546.56,0.0,0.0,701.6,0.0,0.0,15003,1,225
1,502,4,65882,9360.27,0.0,0.0,15567.28,0.0,0.0,29180.67,0.0,0.0,699.96,0.0,0.0,15717,1,225
1,502,5,44521,9461.56,0.0,0.0,26278.08,0.0,0.0,39220.51,0.0,0.0,18999.62,0.0,0.0,26424,1,225
1,502,6,52082,9695.81,0.0,0.0,14725.82,0.0,0.0,27953.09,0.0,0.0,724.03,0.0,0.0,14870,1,225
1,502,7,47634,9374.13,0.0,0.0,14409.12,0.0,0.0,27753.31,0.0,0.0,687.39,0.0,0.0,14549,1,225
1,502,8,62275,9378.19,0.0,0.0,16424.67,0.0,0.0,41208.75,0.0,0.0,23267.88,0.0,0.0,16571,1,225
1,502,9,54187,9901.55,0.0,0.0,15166.84,0.0,0.0,29006.7,0.0,0.0,752.18,0.0,0.0,15306,1,225
1,502,10,54618,9357.52,0.0,0.0,15493.4,0.0,0.0,28881.06,0.0,0.0,771.19,0.0,0.0,15635,1,225
1,502,11,68544,10250.32,0.0,0.0,14396.61,0.0,0.0,28755.67,0.0,0.0,723.48,0.0,0.0,14536,1,225
1,502,12,42617,9242.92,0.0,0.0,16069.77,0.0,0.0,32150.71,0.0,0.0,5886.78,0.0,0.0,16231,1,225
1,502,13,42955,9450.32,0.0,0.0,15661.22,1114.262,7.114784161131764,32786.0,1114.982,3.4007869212468735,711.13,0.0,0.0,15825,1,225
1,502,14,42071,9318.96,0.0,0.0,14666.29,1558.551,10.626757005350365,31882.12,1559.291,4.89080086267789,779.82,0.0,0.0,14809,1,225
1,502,15,38618,9315.41,0.0,0.0,15187.99,0.0,0.0,34319.82,0.0,0.0,689.71,0.0,0.0,15337,1,225
1,502,16,41026,9914.75,0.0,0.0,15981.55,0.0,0.0,35269.59,0.0,0.0,761.18,0.0,0.0,16142,1,225
1,502,17,45557,9996.2,0.0,0.0,15260.71,0.0,0.0,32929.74,0.0,0.0,897.99,0.0,0.0,15432,1,225
1,502,18,45902,9426.47,0.0,0.0,15274.19,0.0,0.0,33959.91,0.0,0.0,1869.84,0.0,0.0,15457,1,225
1,502,19,47548,10161.45,0.0,0.0,16137.49,0.0,0.0,33751.38,0.0,0.0,5933.61,0.0,0.0,16294,1,225
1,502,20,48038,9678.73,0.0,0.0,16789.98,1677.158,9.98904108283631,33754.36,2917.017,8.641896928278301,682.4,0.0,0.0,16961,1,225
1,502,21,43853,9605.42,0.0,0.0,15114.61,2638.843,17.458889114571924,32090.91,3934.297,12.25984866119409,766.97,0.0,0.0,15267,1,225
1,502,22,38839,9482.44,0.0,0.0,14343.57,1918.778,13.377269396670425,35342.1,1919.698,5.431759855809362,1088.57,0.0,0.0,14520,1,225
1,502,23,24466,9551.16,0.0,0.0,14168.37,2612.807,18.441126255172613,33253.33,3855.698,11.594922974631412,5216.85,0.0,0.0,14314,1,225
1,502,24,22293,9342.23,0.0,0.0,14842.4,1830.655,12.333955424998653,34446.37,2886.857,8.380729232136797,664.72,0.0,0.0,14992,1,225
1,502,25,22611,9393.87,0.0,0.0,14051.55,0.0,0.0,33003.16,0.0,0.0,632.24,0.0,0.0,14204,1,225
1,502,26,,,,,,,,,,,662.87,0.0,0.0,,,
1,503,0,,,,,,,,,,,11552.65,9987.743,86.45412957200297,,,
1,503,1,612,10048.17,9455.923,94.10592177481074,15534.62,6245.134,40.20139533506452,32292.41,22147.367,68.58381582545248,22071.31,17365.98,78.68123822283317,15684,1,225
1,503,2,33173,9680.1,9680.1,100.0,14812.31,5027.992,33.9446851976498,28283.15,18108.746,64.02662362572768,703.72,0.0,0.0,14956,1,225
1,503,3,61703,9374.53,9366.65,99.91594245258162,14341.88,2857.052,19.92104242958385,27501.84,14387.322,52.31403426098036,737.12,0.0,0.0,14481,1,225
1,503,4,65577,9561.61,6826.983,71.39993160147716,13673.44,5718.082,41.81889853614014,27282.76,15794.87,57.893226345135176,697.81,666.77,95.55179776730056,13814,1,225
1,503,5,40346,9274.58,9024.335,97.3018185190057,13727.2,2330.311,16.97586543504866,27372.66,14438.606,52.74827510369837,701.21,685.17,97.71252549165014,13868,1,225
1,503,6,36557,10223.01,5675.023,55.512251284113,13959.19,2231.249,15.984086469200573,32748.42,15043.281,45.935898586863125,873.38,850.86,97.42151182761226,14103,1,225
1,503,7,20509,9527.33,3578.675,37.562202631797156,14313.61,2278.134,15.915859101931657,32292.05,11880.077,36.78947914424758,6058.32,0.0,0.0,14470,1,225
1,503,8,21997,9834.32,2427.603,24.685011266666127,17294.62,2526.904,14.61092524727343,36107.29,11690.215,32.376328990627655,907.7,876.8,96.59579156108846,17450,1,225
1,503,9,25309,9758.47,5256.753,53.8686187486358,14556.19,2910.189,19.992793443888818,31251.41,13088.201,41.88035355844744,762.51,0.0,0.0,14708,1,225
1,503,10,38219,9628.83,3747.743,38.92210164682521,16109.36,3099.773,19.242061757884855,35657.38,14705.694,41.241656005012146,1124.93,0.0,0.0,16269,1,225
1,503,11,23930,9475.02,0.0,0.0,16749.99,0.64,0.0038208978035210762,43550.08,165.819,0.38075475406704185,812.03,0.0,0.0,16965,1,225
1,503,12,32710,9646.37,9646.37,100.0,16316.86,2737.552,16.777443699339212,30419.73,15045.012,49.458072113066095,909.4,878.46,96.59775676270068,16483,1,225
1,503,13,42330,10470.31,9245.485,88.30192229265418,16045.91,2017.181,12.57130944894992,33964.88,16757.193,49.336823801526755,6823.58,3748.345,54.93223498515442,16213,1,225
1,503,14,41641,9434.57,9434.57,100.0,17521.45,11342.161,64.73300440317439,36679.08,30126.844,82.13631312453856,1145.59,1114.25,97.26429176232335,17709,1,225
1,503,15,25817,9322.72,9060.735,97.18982228362539,15278.15,12207.027,79.89859374335244,31036.87,27637.161,89.04622469984892,1018.69,986.33,96.82337119241379,15447,1,225
1,503,16,38849,9412.42,9179.976,97.53045444210947,15464.47,11642.233,75.28375042920968,38041.92,33272.646,87.46310911752089,12720.76,12705.019,99.87625739342617,15643,1,225
1,503,17,24344,9341.01,9341.01,100.0,18495.49,14038.642,75.90305528536956,42374.47,37072.903,87.4887709509995,985.67,953.429,96.72902695628355,18690,1,225
1,503,18,29407,10039.99,10039.99,100.0,16133.87,12067.372,74.79527230602453,34933.88,30788.118,88.13254639908307,670.06,637.58,95.15267289496465,16327,1,225
1,503,19,36561,9410.23,9410.23,100.0,15108.93,11616.865,76.88741029311804,33651.68,30047.112,89.28859420985818,973.39,940.409,96.61173835769834,15263,1,225
1,503,20,22829,9416.56,9416.56,100.0,14635.77,11168.919,76.312479630385,33497.34,29682.963,88.61289582993754,745.68,721.439,96.7491417229911,14822,1,225
1,503,21,22674,9578.47,9578.47,100.0,14942.4,11372.089,76.10617437627154,34428.7,30549.843,88.73365244694108,726.24,680.918,93.75936329588015,15135,1,225
1,503,22,23039,9340.23,9340.23,100.0,13551.25,10049.183,74.15687113734896,30503.55,26903.461,88.19780320651203,699.76,667.179,95.3439750771693,13694,1,225
1,503,23,20343,9271.44,9271.42,99.999784283779,14418.94,10733.445,74.43990334934468,31599.54,27789.801,87.94368842078082,662.7,615.779,92.91972234797042,14561,1,225
1,503,24,20932,9314.56,9301.5,99.85978940497458,13416.77,10205.865,76.06797314107642,30485.38,27153.553,89.0707381702311,604.64,572.879,94.7471222545647,13556,1,225
1,503,25,19993,9236.12,9236.12,100.0,14070.69,9038.589,64.23699903842669,31122.86,25967.976,83.43698490434363,711.07,583.477,82.05619699888899,14209,1,225
1,503,26,,,,,,,,,,,655.24,590.889,90.17901837494658,,,
1,504,0,,,,,,,,,,,13584.43,12428.044,91.4874161080001,,,
1,504,1,891,11394.42,11394.42,100.0,16278.51,11423.376,70.17457986019606,35684.68,30753.326,86.18075319717033,21981.9,21591.014,98.22178246648377,16435,1,225
1,504,2,36955,10049.95,10049.95,100.0,16272.32,10647.468,65.43300525063421,30872.85,25247.998,81.78058715019831,942.46,86.446,9.17237866859071,16471,1,225
1,504,3,68108,9305.28,9297.42,99.91553182709171,15383.96,8064.669,52.42258170198051,28646.92,19918.399,69.53068253061761,5683.16,3361.939,59.15615608217963,15600,1,225
1,504,4,68038,9350.07,0.0,0.0,13841.22,5986.273,43.24960516486264,27061.72,7498.473,27.70878199907471,772.03,727.055,94.17444917943604,13982,1,225
1,504,5,39710,10722.28,10715.74,99.93900551002211,14560.25,2435.847,16.72943115674525,32287.49,20087.883,62.21568477450555,998.9,966.458,96.75222745019522,14731,1,225
1,504,6,38921,9269.92,9269.92,100.0,14781.42,4855.8,32.85070040632091,34260.75,24215.13,70.67892559269718,1109.3,1078.22,97.19823311998557,14953,1,225
1,504,7,23570,9696.25,9696.25,100.0,17431.71,8776.076,50.345468115291034,39956.5,30590.392,76.55923817151152,1002.37,948.549,94.6306254177599,17599,1,225
1,504,8,25989,9658.79,9658.79,100.0,15285.01,10219.566,66.86005439316037,34161.31,28990.244,84.86279946524299,1129.78,1085.08,96.04347749119297,15477,1,225
1,504,9,23053,9761.14,9741.799,99.80185716012681,15536.71,12285.126,79.0716052497601,39483.96,35314.377,89.43980542985051,836.55,792.33,94.71400394477318,15744,1,225
1,504,10,24902,9270.76,9263.2,99.91845328754061,14870.26,11779.583,79.215716470324,37086.41,33037.493,89.08247792115765,944.32,920.72,97.50084717045068,15188,1,225
1,504,11,24669,9631.29,9612.33,99.80314163523265,14719.02,11450.036,77.79074965588742,36859.58,32840.804,89.09706513204978,1154.68,1123.42,97.2927564346832,14879,1,225
1,504,12,23356,9700.88,9700.88,100.0,14400.15,11372.672,78.97606622153242,36917.09,33028.777,89.46744448167503,1009.19,977.89,96.89850275963892,14579,1,225
1,504,13,22710,9784.14,9784.14,100.0,13695.07,10583.488,77.27954658136103,36575.47,32705.175,89.41833146641724,738.6,706.22,95.6160303276469,13852,1,225
1,504,14,22547,9362.01,9362.01,100.0,15246.22,11937.13,78.29566935279696,37246.97,33163.127,89.03577123186128,786.76,618.888,78.66287050688902,15562,1,225
1,504,15,23925,9398.39,9398.39,100.0,14756.6,11773.93,79.78755268828863,34937.82,31640.258,90.56162634073907,872.78,840.278,96.27603748940169,15043,1,225
1,504,16,24106,9943.31,9923.03,99.7960437721443,16410.55,13393.831,81.61719747357645,37334.35,33485.514,89.69089859606503,1358.94,1313.739,96.67380458298379,16617,1,225
1,504,17,24422,9385.18,9033.008,96.2475733017374,13615.24,10844.806,79.65196353497993,33155.23,29478.595,88.91084453342654,785.34,752.919,95.87172434868972,13768,1,225
1,504,18,21930,9413.13,9413.13,100.0,14201.21,10734.578,75.58917866857824,34511.13,30365.444,87.98739421166448,692.2,639.679,92.41245304825193,14367,1,225
1,504,19,22206,9241.72,9241.72,100.0,13956.77,10743.425,76.97644225705517,31949.41,28622.522,89.58701271791874,700.11,441.152,63.01181242947536,14111,1,225
1,504,20,21020,9274.62,9274.62,100.0,13027.81,10020.829,76.91875303677288,30337.53,27210.166,89.69143499816894,837.13,792.249,94.63870605521247,13180,1,225
1,504,21,19641,9282.22,9282.22,100.0,15046.72,11803.1,78.44300950639077,34621.59,30633.597,88.48119627088185,888.78,856.46,96.3635545354306,15222,1,225
1,504,22,23327,9477.14,9477.14,100.0,13982.33,10981.786,78.5404578492998,33773.88,30069.023,89.03040752202591,769.36,737.16,95.81470312987418,14132,1,225
1,504,23,21411,9326.97,9326.97,100.0,14148.64,11019.277,77.88223461760282,34176.7,30377.385,88.88331816705534,663.15,631.469,95.22264947598585,14306,1,225
1,504,24,21435,9393.44,9378.48,99.84073992062545,15251.71,12104.607,79.36557277839665,35381.54,31572.343,89.23394233264014,653.8,607.359,92.89675741817071,15413,1,225
1,504,25,22689,9646.04,9422.856,97.6862629638691,15979.88,13018.776,81.4697982713262,34305.67,31012.559,90.40068012080802,794.77,761.689,95.83766372661273,16163,1,225
1,504,26,,,,,,,,,,,3062.83,3030.89,98.95717359435555,,,
